edge_id,source,target,nome_logradouro,peso,weight,label
0,Água Fria,Linha do Tiro,Avenida Anibal Benevolo,1475.7,1475.7,Avenida Anibal Benevolo (1475 m)
1,Água Fria,Beberibe,Avenida Anibal Benevolo,1337.76,1337.76,Avenida Anibal Benevolo (1337 m)
2,Água Fria,Porto da Madeira,Avenida Anibal Benevolo,1197.48,1197.48,Avenida Anibal Benevolo (1197 m)
3,Água Fria,Fundão,Avenida Anibal Benevolo,1196.21,1196.21,Avenida Anibal Benevolo (1196 m)
4,Beberibe,Linha do Tiro,Avenida Anibal Benevolo,707.66,707.66,Avenida Anibal Benevolo (707 m)
5,Beberibe,Porto da Madeira,Avenida Anibal Benevolo,429.44,429.44,Avenida Anibal Benevolo (429 m)
6,Fundão,Porto da Madeira,Avenida Anibal Benevolo,287.89,287.89,Avenida Anibal Benevolo (287 m)
7,Beberibe,Porto da Madeira,Avenida Beberibe,3164.23,3164.23,Avenida Beberibe (3164 m)
8,Fundão,Porto da Madeira,Avenida Beberibe,2873.64,2873.64,Avenida Beberibe (2873 m)
9,Água Fria,Porto da Madeira,Avenida Beberibe,2612.27,2612.27,Avenida Beberibe (2612 m)
10,Água Fria,Beberibe,Avenida Beberibe,2528.07,2528.07,Avenida Beberibe (2528 m)
11,Água Fria,Fundão,Avenida Beberibe,2237.49,2237.49,Avenida Beberibe (2237 m)
12,Cajueiro,Porto da Madeira,Avenida Beberibe,1943.89,1943.89,Avenida Beberibe (1943 m)
13,Cajueiro,Fundão,Avenida Beberibe,1569.11,1569.11,Avenida Beberibe (1569 m)
14,Água Fria,Arruda,Avenida Beberibe,1529.92,1529.92,Avenida Beberibe (1529 m)
15,Encruzilhada,Ponto de Parada,Avenida Beberibe,1045.45,1045.45,Avenida Beberibe (1045 m)
16,Arruda,Ponto de Parada,Avenida Beberibe,913.85,913.85,Avenida Beberibe (913 m)
17,Graças,Torre,Avenida Beira Rio,1240.84,1240.84,Avenida Beira Rio (1240 m)
18,Derby,Graças,Avenida Beira Rio,1227.41,1227.41,Avenida Beira Rio (1227 m)
19,Graças,Madalena,Avenida Beira Rio,1079.0,1079.0,Avenida Beira Rio (1079 m)
20,Santana,Torre,Avenida Beira Rio,384.28,384.28,Avenida Beira Rio (384 m)
21,Madalena,Torre,Avenida Beira Rio,177.05,177.05,Avenida Beira Rio (177 m)
22,Derby,Ilha do Retiro,Avenida Beira Rio,161.09,161.09,Avenida Beira Rio (161 m)
23,Derby,Madalena,Avenida Beira Rio,161.09,161.09,Avenida Beira Rio (161 m)
24,Ilha do Retiro,Ilha Joana Bezerra,Avenida Beira Rio,76.03,76.03,Avenida Beira Rio (76 m)
25,Boa Viagem,Pina,Avenida Boa Viagem,8497.01,8497.01,Avenida Boa Viagem (8497 m)
26,Cordeiro,Iputinga,Avenida Camarao,428.68,428.68,Avenida Camarao (428 m)
27,Brejo de Beberibe,Passarinho,Avenida Canaa,920.81,920.81,Avenida Canaa (920 m)
28,Areias,Caçote,Avenida Capitao Gregorio De Caldas,787.0,787.0,Avenida Capitao Gregorio De Caldas (787 m)
29,Cordeiro,Iputinga,Avenida Caxanga,6893.67,6893.67,Avenida Caxanga (6893 m)
30,Caxangá,Iputinga,Avenida Caxanga,6319.87,6319.87,Avenida Caxanga (6319 m)
31,Iputinga,Várzea,Avenida Caxanga,4646.25,4646.25,Avenida Caxanga (4646 m)
32,Cordeiro,Zumbi,Avenida Caxanga,4159.77,4159.77,Avenida Caxanga (4159 m)
33,Caxangá,Várzea,Avenida Caxanga,3470.48,3470.48,Avenida Caxanga (3470 m)
34,Madalena,Zumbi,Avenida Caxanga,2986.82,2986.82,Avenida Caxanga (2986 m)
35,Ibura,Jordão,Avenida Centenario Alberto Santos Dumont,902.41,902.41,Avenida Centenario Alberto Santos Dumont (902 m)
36,Afogados,São José,Avenida Central,5462.47,5462.47,Avenida Central (5462 m)
37,Afogados,Ilha Joana Bezerra,Avenida Central,4928.92,4928.92,Avenida Central (4928 m)
38,Afogados,Jiquiá,Avenida Central,3933.53,3933.53,Avenida Central (3933 m)
39,Afogados,Mangueira,Avenida Central,3773.57,3773.57,Avenida Central (3773 m)
40,Jardim São Paulo,Tejipió,Avenida Central,3768.49,3768.49,Avenida Central (3768 m)
41,Ilha Joana Bezerra,São José,Avenida Central,3664.29,3664.29,Avenida Central (3664 m)
42,Barro,Tejipió,Avenida Central,3593.12,3593.12,Avenida Central (3593 m)
43,Barro,Jardim São Paulo,Avenida Central,3320.07,3320.07,Avenida Central (3320 m)
44,Curado,Várzea,Avenida Central,3038.63,3038.63,Avenida Central (3038 m)
45,Curado,Tejipió,Avenida Central,2969.58,2969.58,Avenida Central (2969 m)
46,Curado,Jardim São Paulo,Avenida Central,2696.53,2696.53,Avenida Central (2696 m)
47,Estância,Jardim São Paulo,Avenida Central,2645.81,2645.81,Avenida Central (2645 m)
48,Coqueiral,Tejipió,Avenida Central,2529.99,2529.99,Avenida Central (2529 m)
49,Jardim São Paulo,Jiquiá,Avenida Central,2317.7,2317.7,Avenida Central (2317 m)
50,Areias,Jardim São Paulo,Avenida Central,2039.99,2039.99,Avenida Central (2039 m)
51,Areias,Barro,Avenida Central,1864.63,1864.63,Avenida Central (1864 m)
52,Estância,Jiquiá,Avenida Central,1468.07,1468.07,Avenida Central (1468 m)
53,Areias,Estância,Avenida Central,1190.36,1190.36,Avenida Central (1190 m)
54,Jiquiá,Mangueira,Avenida Central,980.0,980.0,Avenida Central (980 m)
55,Areias,Jiquiá,Avenida Central,862.25,862.25,Avenida Central (862 m)
56,Dois Unidos,Passarinho,Avenida Chagas Ferreira,3538.5,3538.5,Avenida Chagas Ferreira (3538 m)
57,Boa Vista,Soledade,Avenida Conde Da Boa Vista,3392.26,3392.26,Avenida Conde Da Boa Vista (3392 m)
58,Boa Viagem,Pina,Avenida Conselheiro Aguiar,5133.6,5133.6,Avenida Conselheiro Aguiar (5133 m)
59,Graças,Tamarineira,Avenida Conselheiro Rosa E Silva,1966.9,1966.9,Avenida Conselheiro Rosa E Silva (1966 m)
60,Aflitos,Graças,Avenida Conselheiro Rosa E Silva,1698.13,1698.13,Avenida Conselheiro Rosa E Silva (1698 m)
61,Espinheiro,Graças,Avenida Conselheiro Rosa E Silva,1583.34,1583.34,Avenida Conselheiro Rosa E Silva (1583 m)
62,Graças,Jaqueira,Avenida Conselheiro Rosa E Silva,1522.41,1522.41,Avenida Conselheiro Rosa E Silva (1522 m)
63,Jaqueira,Tamarineira,Avenida Conselheiro Rosa E Silva,471.16,471.16,Avenida Conselheiro Rosa E Silva (471 m)
64,Aflitos,Espinheiro,Avenida Conselheiro Rosa E Silva,263.32,263.32,Avenida Conselheiro Rosa E Silva (263 m)
65,Bongi,San Martin,Avenida Consul Vilares Fragoso,743.82,743.82,Avenida Consul Vilares Fragoso (743 m)
66,Mustardinha,San Martin,Avenida Consul Vilares Fragoso,743.82,743.82,Avenida Consul Vilares Fragoso (743 m)
67,Bongi,Mustardinha,Avenida Consul Vilares Fragoso,351.44,351.44,Avenida Consul Vilares Fragoso (351 m)
68,Campo Grande,Peixinhos,Avenida Correia De Brito,1553.3,1553.3,Avenida Correia De Brito (1553 m)
69,Guabiraba,Passarinho,Avenida Da Recuperacao,11319.43,11319.43,Avenida Da Recuperacao (11319 m)
70,Dois Irmãos,Guabiraba,Avenida Da Recuperacao,10544.64,10544.64,Avenida Da Recuperacao (10544 m)
71,Córrego do Jenipapo,Guabiraba,Avenida Da Recuperacao,8377.9,8377.9,Avenida Da Recuperacao (8377 m)
72,Brejo da Guabiraba,Guabiraba,Avenida Da Recuperacao,7886.04,7886.04,Avenida Da Recuperacao (7886 m)
73,Brejo da Guabiraba,Passarinho,Avenida Da Recuperacao,5376.79,5376.79,Avenida Da Recuperacao (5376 m)
74,Apipucos,Dois Irmãos,Avenida Da Recuperacao,5182.0,5182.0,Avenida Da Recuperacao (5182 m)
75,Córrego do Jenipapo,Dois Irmãos,Avenida Da Recuperacao,5093.86,5093.86,Avenida Da Recuperacao (5093 m)
76,Caxangá,Dois Irmãos,Avenida Da Recuperacao,4094.03,4094.03,Avenida Da Recuperacao (4094 m)
77,Apipucos,Córrego do Jenipapo,Avenida Da Recuperacao,3015.26,3015.26,Avenida Da Recuperacao (3015 m)
78,Brejo da Guabiraba,Córrego do Jenipapo,Avenida Da Recuperacao,2435.26,2435.26,Avenida Da Recuperacao (2435 m)
79,Apipucos,Caxangá,Avenida Da Recuperacao,2015.43,2015.43,Avenida Da Recuperacao (2015 m)
80,Santo Antônio,São José,Avenida Dantas Barreto,3808.18,3808.18,Avenida Dantas Barreto (3808 m)
81,Boa Viagem,Imbiribeira,Avenida Desembargador Jose Neves,2841.9,2841.9,Avenida Desembargador Jose Neves (2841 m)
82,Casa Forte,Parnamirim,Avenida Dezessete De Agosto,1130.68,1130.68,Avenida Dezessete De Agosto (1130 m)
83,Parnamirim,Santana,Avenida Dezessete De Agosto,1113.13,1113.13,Avenida Dezessete De Agosto (1113 m)
84,Casa Forte,Santana,Avenida Dezessete De Agosto,739.83,739.83,Avenida Dezessete De Agosto (739 m)
85,Boa Viagem,Imbiribeira,Avenida Dom Joao Vi,2566.13,2566.13,Avenida Dom Joao Vi (2566 m)
86,Alto do Mandu,Monteiro,Avenida Doutor Eurico Chaves,893.44,893.44,Avenida Doutor Eurico Chaves (893 m)
87,Alto do Mandu,Casa Amarela,Avenida Doutor Eurico Chaves,632.25,632.25,Avenida Doutor Eurico Chaves (632 m)
88,Casa Amarela,Monteiro,Avenida Doutor Eurico Chaves,394.1,394.1,Avenida Doutor Eurico Chaves (394 m)
89,Areias,Barro,Avenida Doutor Jose Rufino,2943.01,2943.01,Avenida Doutor Jose Rufino (2943 m)
90,Barro,Tejipió,Avenida Doutor Jose Rufino,2304.74,2304.74,Avenida Doutor Jose Rufino (2304 m)
91,Areias,Estância,Avenida Doutor Jose Rufino,1378.27,1378.27,Avenida Doutor Jose Rufino (1378 m)
92,Areias,Jiquiá,Avenida Doutor Jose Rufino,1278.08,1278.08,Avenida Doutor Jose Rufino (1278 m)
93,Estância,Jiquiá,Avenida Doutor Jose Rufino,705.71,705.71,Avenida Doutor Jose Rufino (705 m)
94,Brejo da Guabiraba,Guabiraba,Avenida Embaixador Assis Chateaubriand,603.06,603.06,Avenida Embaixador Assis Chateaubriand (603 m)
95,Cordeiro,Prado,Avenida Engenheiro Abdias De Carvalho,4292.22,4292.22,Avenida Engenheiro Abdias De Carvalho (4292 m)
96,Prado,San Martin,Avenida Engenheiro Abdias De Carvalho,4004.55,4004.55,Avenida Engenheiro Abdias De Carvalho (4004 m)
97,Ilha do Retiro,Prado,Avenida Engenheiro Abdias De Carvalho,3937.87,3937.87,Avenida Engenheiro Abdias De Carvalho (3937 m)
98,Cordeiro,Torrões,Avenida Engenheiro Abdias De Carvalho,3488.85,3488.85,Avenida Engenheiro Abdias De Carvalho (3488 m)
99,Madalena,Prado,Avenida Engenheiro Abdias De Carvalho,3272.15,3272.15,Avenida Engenheiro Abdias De Carvalho (3272 m)
100,San Martin,Torrões,Avenida Engenheiro Abdias De Carvalho,3201.17,3201.17,Avenida Engenheiro Abdias De Carvalho (3201 m)
101,Bongi,Prado,Avenida Engenheiro Abdias De Carvalho,3147.91,3147.91,Avenida Engenheiro Abdias De Carvalho (3147 m)
102,Cordeiro,San Martin,Avenida Engenheiro Abdias De Carvalho,2139.0,2139.0,Avenida Engenheiro Abdias De Carvalho (2139 m)
103,Ilha do Retiro,Madalena,Avenida Engenheiro Abdias De Carvalho,1052.25,1052.25,Avenida Engenheiro Abdias De Carvalho (1052 m)
104,Bongi,San Martin,Avenida Engenheiro Abdias De Carvalho,994.69,994.69,Avenida Engenheiro Abdias De Carvalho (994 m)
105,Rosarinho,Tamarineira,Avenida Engenheiro Agamenon De Magalhaes Melo,668.39,668.39,Avenida Engenheiro Agamenon De Magalhaes Melo (668 m)
106,Boa Viagem,Pina,Avenida Engenheiro Domingos Ferreira,10089.24,10089.24,Avenida Engenheiro Domingos Ferreira (10089 m)
107,Cabanga,São José,Avenida Engenheiro Jose Estelita,3983.26,3983.26,Avenida Engenheiro Jose Estelita (3983 m)
108,Areias,Estância,Avenida Estancia,526.18,526.18,Avenida Estancia (526 m)
109,Cordeiro,San Martin,Avenida General San Martin,3106.45,3106.45,Avenida General San Martin (3106 m)
110,Prado,San Martin,Avenida General San Martin,1899.57,1899.57,Avenida General San Martin (1899 m)
111,Cordeiro,Prado,Avenida General San Martin,1224.98,1224.98,Avenida General San Martin (1224 m)
112,Campo Grande,Santo Amaro,Avenida Governador Agamenon Magalhaes,7487.28,7487.28,Avenida Governador Agamenon Magalhaes (7487 m)
113,Espinheiro,Santo Amaro,Avenida Governador Agamenon Magalhaes,7436.65,7436.65,Avenida Governador Agamenon Magalhaes (7436 m)
114,Boa Vista,Santo Amaro,Avenida Governador Agamenon Magalhaes,6709.68,6709.68,Avenida Governador Agamenon Magalhaes (6709 m)
115,Santo Amaro,Torreão,Avenida Governador Agamenon Magalhaes,6325.3,6325.3,Avenida Governador Agamenon Magalhaes (6325 m)
116,Boa Vista,Espinheiro,Avenida Governador Agamenon Magalhaes,5769.32,5769.32,Avenida Governador Agamenon Magalhaes (5769 m)
117,Campo Grande,Torreão,Avenida Governador Agamenon Magalhaes,5435.57,5435.57,Avenida Governador Agamenon Magalhaes (5435 m)
118,Espinheiro,Torreão,Avenida Governador Agamenon Magalhaes,5384.94,5384.94,Avenida Governador Agamenon Magalhaes (5384 m)
119,Boa Vista,Paissandu,Avenida Governador Agamenon Magalhaes,5369.79,5369.79,Avenida Governador Agamenon Magalhaes (5369 m)
120,Derby,Paissandu,Avenida Governador Agamenon Magalhaes,4817.27,4817.27,Avenida Governador Agamenon Magalhaes (4817 m)
121,Espinheiro,Graças,Avenida Governador Agamenon Magalhaes,4620.63,4620.63,Avenida Governador Agamenon Magalhaes (4620 m)
122,Boa Vista,Derby,Avenida Governador Agamenon Magalhaes,4489.83,4489.83,Avenida Governador Agamenon Magalhaes (4489 m)
123,Boa Vista,Graças,Avenida Governador Agamenon Magalhaes,3893.66,3893.66,Avenida Governador Agamenon Magalhaes (3893 m)
124,Derby,Graças,Avenida Governador Agamenon Magalhaes,3341.14,3341.14,Avenida Governador Agamenon Magalhaes (3341 m)
125,Ilha do Leite,Paissandu,Avenida Governador Agamenon Magalhaes,3247.47,3247.47,Avenida Governador Agamenon Magalhaes (3247 m)
126,Boa Vista,Ilha do Leite,Avenida Governador Agamenon Magalhaes,2920.03,2920.03,Avenida Governador Agamenon Magalhaes (2920 m)
127,Dois Unidos,Linha do Tiro,Avenida Hildebrando De Vasconcelos,2985.91,2985.91,Avenida Hildebrando De Vasconcelos (2985 m)
128,Beberibe,Dois Unidos,Avenida Hildebrando De Vasconcelos,2954.19,2954.19,Avenida Hildebrando De Vasconcelos (2954 m)
129,Dois Unidos,Passarinho,Avenida Hildebrando De Vasconcelos,2859.62,2859.62,Avenida Hildebrando De Vasconcelos (2859 m)
130,Beberibe,Linha do Tiro,Avenida Hildebrando De Vasconcelos,142.86,142.86,Avenida Hildebrando De Vasconcelos (142 m)
131,Cordeiro,Torrões,Avenida Inacio Monteiro,1413.06,1413.06,Avenida Inacio Monteiro (1413 m)
132,Estância,Jiquiá,Avenida Joao Cabral De Melo Neto,1371.64,1371.64,Avenida Joao Cabral De Melo Neto (1371 m)
133,Espinheiro,Santo Amaro,Avenida Joao De Barros,1596.38,1596.38,Avenida Joao De Barros (1596 m)
134,Encruzilhada,Espinheiro,Avenida Joao De Barros,1226.72,1226.72,Avenida Joao De Barros (1226 m)
135,Boa Vista,Santo Amaro,Avenida Joao De Barros,1225.73,1225.73,Avenida Joao De Barros (1225 m)
136,Boa Vista,Espinheiro,Avenida Joao De Barros,1172.63,1172.63,Avenida Joao De Barros (1172 m)
137,Santo Amaro,Soledade,Avenida Joao De Barros,931.64,931.64,Avenida Joao De Barros (931 m)
138,Boa Vista,Soledade,Avenida Joao De Barros,507.89,507.89,Avenida Joao De Barros (507 m)
139,Caxangá,Várzea,Avenida Joaquim Ribeiro,3720.93,3720.93,Avenida Joaquim Ribeiro (3720 m)
140,Curado,Tejipió,Avenida Liberdade,1619.99,1619.99,Avenida Liberdade (1619 m)
141,Curado,Totó,Avenida Liberdade,1280.73,1280.73,Avenida Liberdade (1280 m)
142,Curado,Sancho,Avenida Liberdade,1260.98,1260.98,Avenida Liberdade (1260 m)
143,Curado,Jardim São Paulo,Avenida Liberdade,1010.42,1010.42,Avenida Liberdade (1010 m)
144,Sancho,Tejipió,Avenida Liberdade,934.86,934.86,Avenida Liberdade (934 m)
145,Jardim São Paulo,Tejipió,Avenida Liberdade,684.31,684.31,Avenida Liberdade (684 m)
146,Sancho,Totó,Avenida Liberdade,595.6,595.6,Avenida Liberdade (595 m)
147,Boa Vista,Paissandu,Avenida Lins Petit,497.51,497.51,Avenida Lins Petit (497 m)
148,Boa Vista,Soledade,Avenida Manoel Borba,992.76,992.76,Avenida Manoel Borba (992 m)
149,Bongi,Mustardinha,Avenida Manoel Goncalves Da Luz,1222.91,1222.91,Avenida Manoel Goncalves Da Luz (1222 m)
150,Ibura,Imbiribeira,Avenida Marechal Mascarenhas De Moraes,12806.92,12806.92,Avenida Marechal Mascarenhas De Moraes (12806 m)
151,Boa Viagem,Imbiribeira,Avenida Marechal Mascarenhas De Moraes,10549.41,10549.41,Avenida Marechal Mascarenhas De Moraes (10549 m)
152,Boa Viagem,Ibura,Avenida Marechal Mascarenhas De Moraes,5557.85,5557.85,Avenida Marechal Mascarenhas De Moraes (5557 m)
153,Ibura,Jordão,Avenida Marechal Mascarenhas De Moraes,4198.55,4198.55,Avenida Marechal Mascarenhas De Moraes (4198 m)
154,Boa Viagem,Jordão,Avenida Marechal Mascarenhas De Moraes,1941.04,1941.04,Avenida Marechal Mascarenhas De Moraes (1941 m)
155,Ibura,Jordão,Avenida Maria Irene,1967.5,1967.5,Avenida Maria Irene (1967 m)
156,Cordeiro,Iputinga,Avenida Mario Alvares Pereira De Lyra,2343.65,2343.65,Avenida Mario Alvares Pereira De Lyra (2343 m)
157,Cordeiro,Iputinga,Avenida Mauricio De Nassau,2514.97,2514.97,Avenida Mauricio De Nassau (2514 m)
158,Afogados,Mustardinha,Avenida Mustardinha,834.73,834.73,Avenida Mustardinha (834 m)
159,Casa Amarela,Tamarineira,Avenida Norte Miguel Arraes De Alencar,4796.53,4796.53,Avenida Norte Miguel Arraes De Alencar (4796 m)
160,Espinheiro,Santo Amaro,Avenida Norte Miguel Arraes De Alencar,4036.84,4036.84,Avenida Norte Miguel Arraes De Alencar (4036 m)
161,Casa Amarela,Vasco da Gama,Avenida Norte Miguel Arraes De Alencar,3686.43,3686.43,Avenida Norte Miguel Arraes De Alencar (3686 m)
162,Alto José do Pinho,Casa Amarela,Avenida Norte Miguel Arraes De Alencar,3445.6,3445.6,Avenida Norte Miguel Arraes De Alencar (3445 m)
163,Santo Amaro,Torreão,Avenida Norte Miguel Arraes De Alencar,3421.94,3421.94,Avenida Norte Miguel Arraes De Alencar (3421 m)
164,Alto do Mandu,Casa Amarela,Avenida Norte Miguel Arraes De Alencar,3408.92,3408.92,Avenida Norte Miguel Arraes De Alencar (3408 m)
165,Casa Amarela,Morro da Conceição,Avenida Norte Miguel Arraes De Alencar,3190.72,3190.72,Avenida Norte Miguel Arraes De Alencar (3190 m)
166,Encruzilhada,Espinheiro,Avenida Norte Miguel Arraes De Alencar,3021.29,3021.29,Avenida Norte Miguel Arraes De Alencar (3021 m)
167,Casa Amarela,Mangabeira,Avenida Norte Miguel Arraes De Alencar,2974.36,2974.36,Avenida Norte Miguel Arraes De Alencar (2974 m)
168,Casa Amarela,Nova Descoberta,Avenida Norte Miguel Arraes De Alencar,2916.34,2916.34,Avenida Norte Miguel Arraes De Alencar (2916 m)
169,Alto do Mandu,Macaxeira,Avenida Norte Miguel Arraes De Alencar,2847.92,2847.92,Avenida Norte Miguel Arraes De Alencar (2847 m)
170,Encruzilhada,Rosarinho,Avenida Norte Miguel Arraes De Alencar,2776.7,2776.7,Avenida Norte Miguel Arraes De Alencar (2776 m)
171,Apipucos,Macaxeira,Avenida Norte Miguel Arraes De Alencar,2751.48,2751.48,Avenida Norte Miguel Arraes De Alencar (2751 m)
172,Córrego do Jenipapo,Macaxeira,Avenida Norte Miguel Arraes De Alencar,2701.9,2701.9,Avenida Norte Miguel Arraes De Alencar (2701 m)
173,Rosarinho,Tamarineira,Avenida Norte Miguel Arraes De Alencar,2592.52,2592.52,Avenida Norte Miguel Arraes De Alencar (2592 m)
174,Encruzilhada,Torreão,Avenida Norte Miguel Arraes De Alencar,2406.39,2406.39,Avenida Norte Miguel Arraes De Alencar (2406 m)
175,Macaxeira,Nova Descoberta,Avenida Norte Miguel Arraes De Alencar,2355.34,2355.34,Avenida Norte Miguel Arraes De Alencar (2355 m)
176,Mangabeira,Tamarineira,Avenida Norte Miguel Arraes De Alencar,2101.42,2101.42,Avenida Norte Miguel Arraes De Alencar (2101 m)
177,Morro da Conceição,Vasco da Gama,Avenida Norte Miguel Arraes De Alencar,1207.69,1207.69,Avenida Norte Miguel Arraes De Alencar (1207 m)
178,Espinheiro,Torreão,Avenida Norte Miguel Arraes De Alencar,1135.74,1135.74,Avenida Norte Miguel Arraes De Alencar (1135 m)
179,Alto do Mandu,Apipucos,Avenida Norte Miguel Arraes De Alencar,1051.93,1051.93,Avenida Norte Miguel Arraes De Alencar (1051 m)
180,Alto José do Pinho,Morro da Conceição,Avenida Norte Miguel Arraes De Alencar,966.85,966.85,Avenida Norte Miguel Arraes De Alencar (966 m)
181,Nova Descoberta,Vasco da Gama,Avenida Norte Miguel Arraes De Alencar,933.3,933.3,Avenida Norte Miguel Arraes De Alencar (933 m)
182,Apipucos,Córrego do Jenipapo,Avenida Norte Miguel Arraes De Alencar,905.91,905.91,Avenida Norte Miguel Arraes De Alencar (905 m)
183,Alto José do Pinho,Mangabeira,Avenida Norte Miguel Arraes De Alencar,750.49,750.49,Avenida Norte Miguel Arraes De Alencar (750 m)
184,Alto do Mandu,Nova Descoberta,Avenida Norte Miguel Arraes De Alencar,655.79,655.79,Avenida Norte Miguel Arraes De Alencar (655 m)
185,Córrego do Jenipapo,Nova Descoberta,Avenida Norte Miguel Arraes De Alencar,509.77,509.77,Avenida Norte Miguel Arraes De Alencar (509 m)
186,Cajueiro,Fundão,Avenida Nova Do Fundao,550.74,550.74,Avenida Nova Do Fundao (550 m)
187,Sancho,Tejipió,Avenida Padre Ibiapina,798.33,798.33,Avenida Padre Ibiapina (798 m)
188,Curado,Jardim São Paulo,Avenida Piracicaba,1084.77,1084.77,Avenida Piracicaba (1084 m)
189,Campina do Barreto,Peixinhos,Avenida Poeta Vinicius De Morais,533.82,533.82,Avenida Poeta Vinicius De Morais (533 m)
190,Brejo da Guabiraba,Brejo de Beberibe,Avenida Presidente Cafe Filho,133.4,133.4,Avenida Presidente Cafe Filho (133 m)
191,Brejo da Guabiraba,Passarinho,Avenida Presidente Cafe Filho,114.06,114.06,Avenida Presidente Cafe Filho (114 m)
192,Brejo de Beberibe,Passarinho,Avenida Presidente Cafe Filho,58.0,58.0,Avenida Presidente Cafe Filho (58 m)
193,Ibura,Imbiribeira,Avenida Presidente Dutra,2752.45,2752.45,Avenida Presidente Dutra (2752 m)
194,Cidade Universitária,Várzea,Avenida Professor Artur De Sa,1218.66,1218.66,Avenida Professor Artur De Sa (1218 m)
195,Arruda,Campo Grande,Avenida Professor Jose Dos Anjos,4445.24,4445.24,Avenida Professor Jose Dos Anjos (4445 m)
196,Arruda,Tamarineira,Avenida Professor Jose Dos Anjos,3618.09,3618.09,Avenida Professor Jose Dos Anjos (3618 m)
197,Arruda,Mangabeira,Avenida Professor Jose Dos Anjos,3153.96,3153.96,Avenida Professor Jose Dos Anjos (3153 m)
198,Arruda,Peixinhos,Avenida Professor Jose Dos Anjos,3034.36,3034.36,Avenida Professor Jose Dos Anjos (3034 m)
199,Arruda,Ponto de Parada,Avenida Professor Jose Dos Anjos,2947.1,2947.1,Avenida Professor Jose Dos Anjos (2947 m)
200,Campo Grande,Peixinhos,Avenida Professor Jose Dos Anjos,2615.89,2615.89,Avenida Professor Jose Dos Anjos (2615 m)
201,Arruda,Rosarinho,Avenida Professor Jose Dos Anjos,2534.02,2534.02,Avenida Professor Jose Dos Anjos (2534 m)
202,Campo Grande,Ponto de Parada,Avenida Professor Jose Dos Anjos,2528.63,2528.63,Avenida Professor Jose Dos Anjos (2528 m)
203,Mangabeira,Tamarineira,Avenida Professor Jose Dos Anjos,1908.33,1908.33,Avenida Professor Jose Dos Anjos (1908 m)
204,Casa Amarela,Tamarineira,Avenida Professor Jose Dos Anjos,1755.71,1755.71,Avenida Professor Jose Dos Anjos (1755 m)
205,Casa Amarela,Mangabeira,Avenida Professor Jose Dos Anjos,1291.58,1291.58,Avenida Professor Jose Dos Anjos (1291 m)
206,Rosarinho,Tamarineira,Avenida Professor Jose Dos Anjos,1288.4,1288.4,Avenida Professor Jose Dos Anjos (1288 m)
207,Ponto de Parada,Rosarinho,Avenida Professor Jose Dos Anjos,617.41,617.41,Avenida Professor Jose Dos Anjos (617 m)
208,Cidade Universitária,Curado,Avenida Professor Luiz Freire,1205.38,1205.38,Avenida Professor Luiz Freire (1205 m)
209,Cidade Universitária,Várzea,Avenida Professor Moraes Rego,2596.7,2596.7,Avenida Professor Moraes Rego (2596 m)
210,Cidade Universitária,Iputinga,Avenida Professor Moraes Rego,2593.45,2593.45,Avenida Professor Moraes Rego (2593 m)
211,Iputinga,Várzea,Avenida Professor Moraes Rego,1769.92,1769.92,Avenida Professor Moraes Rego (1769 m)
212,Areias,Ibura,Avenida Recife,6414.22,6414.22,Avenida Recife (6414 m)
213,Areias,Estância,Avenida Recife,4601.22,4601.22,Avenida Recife (4601 m)
214,Caçote,Ibura,Avenida Recife,4514.06,4514.06,Avenida Recife (4514 m)
215,Ibura,Ipsep,Avenida Recife,4394.66,4394.66,Avenida Recife (4394 m)
216,Curado,Jardim São Paulo,Avenida Recife,3968.14,3968.14,Avenida Recife (3968 m)
217,Areias,Jardim São Paulo,Avenida Recife,3568.33,3568.33,Avenida Recife (3568 m)
218,Areias,Caçote,Avenida Recife,3471.85,3471.85,Avenida Recife (3471 m)
219,Curado,Torrões,Avenida Recife,3458.04,3458.04,Avenida Recife (3458 m)
220,Areias,Ipsep,Avenida Recife,3352.46,3352.46,Avenida Recife (3352 m)
221,Curado,Engenho do Meio,Avenida Recife,3343.95,3343.95,Avenida Recife (3343 m)
222,Curado,San Martin,Avenida Recife,3273.46,3273.46,Avenida Recife (3273 m)
223,Estância,Jardim São Paulo,Avenida Recife,2797.54,2797.54,Avenida Recife (2797 m)
224,Estância,San Martin,Avenida Recife,2102.86,2102.86,Avenida Recife (2102 m)
225,Caçote,Ipsep,Avenida Recife,1452.3,1452.3,Avenida Recife (1452 m)
226,Jardim São Paulo,San Martin,Avenida Recife,1069.97,1069.97,Avenida Recife (1069 m)
227,Engenho do Meio,Torrões,Avenida Recife,630.36,630.36,Avenida Recife (630 m)
228,San Martin,Torrões,Avenida Recife,559.87,559.87,Avenida Recife (559 m)
229,Ilha Joana Bezerra,São José,Avenida Rio Capibaribe,1138.16,1138.16,Avenida Rio Capibaribe (1138 m)
230,Dois Unidos,Linha do Tiro,Avenida Rio Morno,1050.66,1050.66,Avenida Rio Morno (1050 m)
231,Dois Unidos,Linha do Tiro,Avenida Rio Morno,1050.66,1050.66,Avenida Rio Morno (1050 m)
232,Beberibe,Dois Unidos,Avenida Rio Morno,886.9,886.9,Avenida Rio Morno (886 m)
233,Brejo de Beberibe,Dois Unidos,Avenida Rio Morno,886.9,886.9,Avenida Rio Morno (886 m)
234,Dois Unidos,Passarinho,Avenida Rio Morno,886.9,886.9,Avenida Rio Morno (886 m)
235,Beberibe,Linha do Tiro,Avenida Rio Morno,757.41,757.41,Avenida Rio Morno (757 m)
236,Brejo de Beberibe,Linha do Tiro,Avenida Rio Morno,757.41,757.41,Avenida Rio Morno (757 m)
237,Graças,Jaqueira,Avenida Rui Barbosa,2423.77,2423.77,Avenida Rui Barbosa (2423 m)
238,Encruzilhada,Rosarinho,Avenida Santos Dumont,822.68,822.68,Avenida Santos Dumont (822 m)
239,Aflitos,Encruzilhada,Avenida Santos Dumont,751.49,751.49,Avenida Santos Dumont (751 m)
240,Encruzilhada,Ponto de Parada,Avenida Santos Dumont,698.71,698.71,Avenida Santos Dumont (698 m)
241,Encruzilhada,Graças,Avenida Santos Dumont,664.84,664.84,Avenida Santos Dumont (664 m)
242,Ponto de Parada,Rosarinho,Avenida Santos Dumont,587.01,587.01,Avenida Santos Dumont (587 m)
243,Graças,Rosarinho,Avenida Santos Dumont,553.15,553.15,Avenida Santos Dumont (553 m)
244,Aflitos,Graças,Avenida Santos Dumont,481.96,481.96,Avenida Santos Dumont (481 m)
245,Cabanga,São José,Avenida Saturnino De Brito,432.08,432.08,Avenida Saturnino De Brito (432 m)
246,Cajueiro,Porto da Madeira,Avenida Sebastiao Salazar,973.69,973.69,Avenida Sebastiao Salazar (973 m)
247,Cajueiro,Campina do Barreto,Avenida Sebastiao Salazar,907.25,907.25,Avenida Sebastiao Salazar (907 m)
248,Imbiribeira,Ipsep,Avenida Senador Robert Kennedy,1357.23,1357.23,Avenida Senador Robert Kennedy (1357 m)
249,Ilha do Retiro,Madalena,Avenida Sport Clube Do Recife,959.94,959.94,Avenida Sport Clube Do Recife (959 m)
250,Boa Viagem,Imbiribeira,Avenida Sul Gov. Cid Sampaio,8313.38,8313.38,Avenida Sul Gov. Cid Sampaio (8313 m)
251,Afogados,Imbiribeira,Avenida Sul Gov. Cid Sampaio,7645.21,7645.21,Avenida Sul Gov. Cid Sampaio (7645 m)
252,Cabanga,São José,Avenida Sul Gov. Cid Sampaio,4670.36,4670.36,Avenida Sul Gov. Cid Sampaio (4670 m)
253,Afogados,São José,Avenida Sul Gov. Cid Sampaio,4529.21,4529.21,Avenida Sul Gov. Cid Sampaio (4529 m)
254,Afogados,Cabanga,Avenida Sul Gov. Cid Sampaio,1826.89,1826.89,Avenida Sul Gov. Cid Sampaio (1826 m)
255,Brejo de Beberibe,Passarinho,Avenida Tancredo Neves,1201.89,1201.89,Avenida Tancredo Neves (1201 m)
256,Areias,Jiquiá,Avenida Tapajos,915.39,915.39,Avenida Tapajos (915 m)
257,Areias,Estância,Avenida Tapajos,801.4,801.4,Avenida Tapajos (801 m)
258,Estância,Jiquiá,Avenida Tapajos,162.66,162.66,Avenida Tapajos (162 m)
259,Brejo da Guabiraba,Brejo de Beberibe,Avenida Vereador Otacilio Azevedo,3392.77,3392.77,Avenida Vereador Otacilio Azevedo (3392 m)
260,Brejo de Beberibe,Vasco da Gama,Avenida Vereador Otacilio Azevedo,2631.53,2631.53,Avenida Vereador Otacilio Azevedo (2631 m)
261,Cidade Universitária,Curado,Avenida Visconde De Sao Leopoldo,1932.69,1932.69,Avenida Visconde De Sao Leopoldo (1932 m)
262,Cidade Universitária,Engenho do Meio,Avenida Visconde De Sao Leopoldo,1879.7,1879.7,Avenida Visconde De Sao Leopoldo (1879 m)
263,Curado,Engenho do Meio,Avenida Visconde De Sao Leopoldo,708.99,708.99,Avenida Visconde De Sao Leopoldo (708 m)
264,Brasília Teimosa,Pina,Bacia Do Pina,3006.81,3006.81,Bacia Do Pina (3006 m)
265,Brasília Teimosa,São José,Bacia Do Pina,2240.47,2240.47,Bacia Do Pina (2240 m)
266,Cabanga,Pina,Bacia Do Pina,798.02,798.02,Bacia Do Pina (798 m)
267,Pina,São José,Bacia Do Pina,798.02,798.02,Bacia Do Pina (798 m)
268,Apipucos,Dois Irmãos,Entrada Br 101-Avenida Norte,325.98,325.98,Entrada Br 101-Avenida Norte (325 m)
269,Afogados,Bongi,Est. Do Bongi,1416.88,1416.88,Est. Do Bongi (1416 m)
270,Bongi,Prado,Est. Do Bongi,1037.86,1037.86,Est. Do Bongi (1037 m)
271,Afogados,Prado,Est. Do Bongi,930.66,930.66,Est. Do Bongi (930 m)
272,Casa Amarela,Casa Forte,Estrada Das Ubaias,776.71,776.71,Estrada Das Ubaias (776 m)
273,Campo Grande,Encruzilhada,Estrada De Belem,1956.55,1956.55,Estrada De Belem (1956 m)
274,Campo Grande,Hipódromo,Estrada De Belem,1188.78,1188.78,Estrada De Belem (1188 m)
275,Encruzilhada,Hipódromo,Estrada De Belem,832.15,832.15,Estrada De Belem (832 m)
276,Casa Amarela,Tamarineira,Estrada Do Arraial,2605.86,2605.86,Estrada Do Arraial (2605 m)
277,Casa Amarela,Monteiro,Estrada Do Arraial,2331.64,2331.64,Estrada Do Arraial (2331 m)
278,Curado,Jardim São Paulo,Estrada Do Curado,1677.39,1677.39,Estrada Do Curado (1677 m)
279,Casa Amarela,Parnamirim,Estrada Do Encanamento,1129.66,1129.66,Estrada Do Encanamento (1129 m)
280,Casa Amarela,Casa Forte,Estrada Do Encanamento,943.81,943.81,Estrada Do Encanamento (943 m)
281,Casa Forte,Parnamirim,Estrada Do Encanamento,891.13,891.13,Estrada Do Encanamento (891 m)
282,Casa Amarela,Monteiro,Estrada Do Encanamento,744.39,744.39,Estrada Do Encanamento (744 m)
283,Cordeiro,Torrões,Estrada Do Forte Do Arraial Novo Do Bom Jesus,1793.87,1793.87,Estrada Do Forte Do Arraial Novo Do Bom Jesus (1793 m)
284,Dois Irmãos,Guabiraba,Estrada Dos Macacos,3177.0,3177.0,Estrada Dos Macacos (3177 m)
285,Afogados,Ilha do Retiro,Estrada Dos Remedios,2082.4,2082.4,Estrada Dos Remedios (2082 m)
286,Ilha do Retiro,Madalena,Estrada Dos Remedios,793.42,793.42,Estrada Dos Remedios (793 m)
287,Arruda,Tamarineira,Estrada Velha De Agua Fria,1070.64,1070.64,Estrada Velha De Agua Fria (1070 m)
288,Água Fria,Arruda,Estrada Velha De Agua Fria,904.04,904.04,Estrada Velha De Agua Fria (904 m)
289,Arruda,Bomba do Hemetério,Estrada Velha De Agua Fria,880.72,880.72,Estrada Velha De Agua Fria (880 m)
290,Água Fria,Bomba do Hemetério,Estrada Velha De Agua Fria,681.56,681.56,Estrada Velha De Agua Fria (681 m)
291,Madalena,Prado,Praca Na Rua Joao Crescencio,37.33,37.33,Praca Na Rua Joao Crescencio (37 m)
292,Cidade Universitária,Várzea,Rua Academico Helio Ramos,1145.33,1145.33,Rua Academico Helio Ramos (1145 m)
293,Bongi,San Martin,Rua Acajutiba,488.14,488.14,Rua Acajutiba (488 m)
294,Boa Viagem,Imbiribeira,Rua Adauto Carneiro Leal,197.03,197.03,Rua Adauto Carneiro Leal (197 m)
295,Afogados,Mustardinha,Rua Adolfo Bezerra,348.21,348.21,Rua Adolfo Bezerra (348 m)
296,Curado,Jardim São Paulo,Rua Agostinho Barbalho,720.99,720.99,Rua Agostinho Barbalho (720 m)
297,Parnamirim,Tamarineira,Rua Albino Meira,196.16,196.16,Rua Albino Meira (196 m)
298,Coqueiral,Tejipió,Rua Alcantara,487.71,487.71,Rua Alcantara (487 m)
299,Alto José Bonifácio,Vasco da Gama,Rua Alcantara Machado,152.5,152.5,Rua Alcantara Machado (152 m)
300,Água Fria,Arruda,Rua Alegre,534.17,534.17,Rua Alegre (534 m)
301,Afogados,Mangueira,Rua Alexandre Rodrigues Ferreira,835.59,835.59,Rua Alexandre Rodrigues Ferreira (835 m)
302,Casa Forte,Parnamirim,Rua Alfredo Fernandes,388.42,388.42,Rua Alfredo Fernandes (388 m)
303,Estância,Jardim São Paulo,Rua Alfredo Vieira De Melo,205.71,205.71,Rua Alfredo Vieira De Melo (205 m)
304,Água Fria,Bomba do Hemetério,Rua Aline,85.04,85.04,Rua Aline (85 m)
305,Ponto de Parada,Rosarinho,Rua Almirante Noronha De Carvalho,372.98,372.98,Rua Almirante Noronha De Carvalho (372 m)
306,Nova Descoberta,Vasco da Gama,Rua Alto 13 De Maio,967.96,967.96,Rua Alto 13 De Maio (967 m)
307,Água Fria,Fundão,Rua Alto Bonito,493.18,493.18,Rua Alto Bonito (493 m)
308,Nova Descoberta,Vasco da Gama,Rua Alto Da Favela,310.87,310.87,Rua Alto Da Favela (310 m)
309,Alto José Bonifácio,Linha do Tiro,Rua Alto Da Serrinha,410.89,410.89,Rua Alto Da Serrinha (410 m)
310,Alto José Bonifácio,Vasco da Gama,Rua Alto Do Bambui,328.44,328.44,Rua Alto Do Bambui (328 m)
311,Fundão,Porto da Madeira,Rua Alto Do Benjamim,336.57,336.57,Rua Alto Do Benjamim (336 m)
312,Córrego do Jenipapo,Macaxeira,Rua Alto Do Formoso,675.93,675.93,Rua Alto Do Formoso (675 m)
313,Brejo da Guabiraba,Brejo de Beberibe,Rua Alto Do Refugio,1155.63,1155.63,Rua Alto Do Refugio (1155 m)
314,Brejo da Guabiraba,Nova Descoberta,Rua Alto Do Refugio,1108.78,1108.78,Rua Alto Do Refugio (1108 m)
315,Brejo de Beberibe,Nova Descoberta,Rua Alto Do Refugio,1005.16,1005.16,Rua Alto Do Refugio (1005 m)
316,Córrego do Jenipapo,Nova Descoberta,Rua Alto Do Reservatorio,945.33,945.33,Rua Alto Do Reservatorio (945 m)
317,Brejo da Guabiraba,Nova Descoberta,Rua Alto Do Reservatorio,835.73,835.73,Rua Alto Do Reservatorio (835 m)
318,Brejo da Guabiraba,Córrego do Jenipapo,Rua Alto Do Reservatorio,516.31,516.31,Rua Alto Do Reservatorio (516 m)
319,Beberibe,Linha do Tiro,Rua Alto Dos Coqueiros,525.92,525.92,Rua Alto Dos Coqueiros (525 m)
320,Macaxeira,Nova Descoberta,Rua Alto Jardim Progresso,838.84,838.84,Rua Alto Jardim Progresso (838 m)
321,Alto José Bonifácio,Vasco da Gama,Rua Alto Nossa Senhora De Fatima,766.21,766.21,Rua Alto Nossa Senhora De Fatima (766 m)
322,Macaxeira,Nova Descoberta,Rua Alto Santa Luzia,706.73,706.73,Rua Alto Santa Luzia (706 m)
323,Córrego do Jenipapo,Nova Descoberta,Rua Alto Santa Luzia,448.61,448.61,Rua Alto Santa Luzia (448 m)
324,Córrego do Jenipapo,Macaxeira,Rua Alto Santa Luzia,276.11,276.11,Rua Alto Santa Luzia (276 m)
325,Encruzilhada,Rosarinho,Rua Amaro Coutinho,802.12,802.12,Rua Amaro Coutinho (802 m)
326,Boa Viagem,Pina,Rua Amazonas,382.21,382.21,Rua Amazonas (382 m)
327,Cordeiro,Iputinga,Rua Ambrosio Machado,1317.4,1317.4,Rua Ambrosio Machado (1317 m)
328,Espinheiro,Graças,Rua Amelia,976.51,976.51,Rua Amelia (976 m)
329,Coqueiral,Totó,Rua Ananias Catanho,786.22,786.22,Rua Ananias Catanho (786 m)
330,Estância,Jiquiá,Rua Andre Vieira De Melo,278.76,278.76,Rua Andre Vieira De Melo (278 m)
331,Graças,Jaqueira,Rua Antenor Navarro,150.15,150.15,Rua Antenor Navarro (150 m)
332,Cordeiro,Torrões,Rua Antonio Carlos,355.3,355.3,Rua Antonio Carlos (355 m)
333,Macaxeira,Nova Descoberta,Rua Antonio Carneiro,629.14,629.14,Rua Antonio Carneiro (629 m)
334,Graças,Jaqueira,Rua Antonio Celso Uchoa Cavalcanti,132.18,132.18,Rua Antonio Celso Uchoa Cavalcanti (132 m)
335,Madalena,Prado,Rua Antonio De Sa,735.14,735.14,Rua Antonio De Sa (735 m)
336,Água Fria,Bomba do Hemetério,Rua Antonio Meira,600.28,600.28,Rua Antonio Meira (600 m)
337,Cordeiro,Torrões,Rua Antonio Valdevino Costa,1202.46,1202.46,Rua Antonio Valdevino Costa (1202 m)
338,Sancho,Tejipió,Rua Aprigio Guimaraes,1045.46,1045.46,Rua Aprigio Guimaraes (1045 m)
339,Afogados,Mustardinha,Rua Apucarana,481.43,481.43,Rua Apucarana (481 m)
340,Cajueiro,Porto da Madeira,Rua Arao Botler,613.0,613.0,Rua Arao Botler (613 m)
341,Nova Descoberta,Vasco da Gama,Rua Arapiraca,207.41,207.41,Rua Arapiraca (207 m)
342,Água Fria,Bomba do Hemetério,Rua Arapixuna,420.59,420.59,Rua Arapixuna (420 m)
343,Alto José Bonifácio,Vasco da Gama,Rua Aratuba,135.17,135.17,Rua Aratuba (135 m)
344,Alto José do Pinho,Mangabeira,Rua Aripibu,29.85,29.85,Rua Aripibu (29 m)
345,Alto José do Pinho,Bomba do Hemetério,Rua Arlindo Cisneiros,259.33,259.33,Rua Arlindo Cisneiros (259 m)
346,Areias,Barro,Rua Armando Sales De Oliveira,177.53,177.53,Rua Armando Sales De Oliveira (177 m)
347,Alto do Mandu,Macaxeira,Rua Aroeira,202.19,202.19,Rua Aroeira (202 m)
348,Alto José Bonifácio,Vasco da Gama,Rua Ary Peter,590.72,590.72,Rua Ary Peter (590 m)
349,Brejo da Guabiraba,Córrego do Jenipapo,Rua Assaituba,84.27,84.27,Rua Assaituba (84 m)
350,Ibura,Jordão,Rua Assis Brasil,638.96,638.96,Rua Assis Brasil (638 m)
351,Nova Descoberta,Vasco da Gama,Rua Assuncao,442.05,442.05,Rua Assuncao (442 m)
352,Encruzilhada,Torreão,Rua Augusto Rodrigues,445.85,445.85,Rua Augusto Rodrigues (445 m)
353,Areias,Caçote,Rua Aurora Cacote,752.91,752.91,Rua Aurora Cacote (752 m)
354,Água Fria,Bomba do Hemetério,Rua Avelar,221.39,221.39,Rua Avelar (221 m)
355,Alto José do Pinho,Mangabeira,Rua Avenca,234.38,234.38,Rua Avenca (234 m)
356,Barro,Tejipió,Rua Babaculandia,203.1,203.1,Rua Babaculandia (203 m)
357,Alto José do Pinho,Mangabeira,Rua Baguari,102.86,102.86,Rua Baguari (102 m)
358,Barro,Tejipió,Rua Barao De Ladario,416.81,416.81,Rua Barao De Ladario (416 m)
359,Cidade Universitária,Várzea,Rua Barao De Mamore,116.77,116.77,Rua Barao De Mamore (116 m)
360,Boa Vista,Soledade,Rua Barao De Sao Borja,545.67,545.67,Rua Barao De Sao Borja (545 m)
361,Boa Viagem,Imbiribeira,Rua Barao De Tefe,338.91,338.91,Rua Barao De Tefe (338 m)
362,Ibura,Jordão,Rua Barra Dos Coqueiros,292.48,292.48,Rua Barra Dos Coqueiros (292 m)
363,Alto José do Pinho,Mangabeira,Rua Barra Verde,162.94,162.94,Rua Barra Verde (162 m)
364,Alto José Bonifácio,Vasco da Gama,Rua Baulanadia,234.51,234.51,Rua Baulanadia (234 m)
365,Cidade Universitária,Várzea,Rua Belem De Sao Francisco,637.31,637.31,Rua Belem De Sao Francisco (637 m)
366,Cajueiro,Porto da Madeira,Rua Belo Horizonte,330.19,330.19,Rua Belo Horizonte (330 m)
367,Nova Descoberta,Vasco da Gama,Rua Bemposta,124.87,124.87,Rua Bemposta (124 m)
368,Alto José Bonifácio,Linha do Tiro,Rua Bismarck De Freitas,576.61,576.61,Rua Bismarck De Freitas (576 m)
369,Boa Vista,Santo Amaro,Rua Bispo Cardoso Ayres,520.19,520.19,Rua Bispo Cardoso Ayres (520 m)
370,Santo Amaro,Soledade,Rua Bispo Cardoso Ayres,377.79,377.79,Rua Bispo Cardoso Ayres (377 m)
371,Boa Vista,Soledade,Rua Bispo Cardoso Ayres,144.74,144.74,Rua Bispo Cardoso Ayres (144 m)
372,Água Fria,Arruda,Rua Bom Conselho,735.93,735.93,Rua Bom Conselho (735 m)
373,Jiquiá,Mangueira,Rua Bom Jardim,645.29,645.29,Rua Bom Jardim (645 m)
374,Afogados,Mangueira,Rua Bom Jardim,558.14,558.14,Rua Bom Jardim (558 m)
375,Mangueira,San Martin,Rua Bom Jardim,519.67,519.67,Rua Bom Jardim (519 m)
376,Afogados,Jiquiá,Rua Bom Jardim,424.78,424.78,Rua Bom Jardim (424 m)
377,Jiquiá,San Martin,Rua Bom Jardim,386.3,386.3,Rua Bom Jardim (386 m)
378,Engenho do Meio,Iputinga,Rua Bom Pastor,1122.28,1122.28,Rua Bom Pastor (1122 m)
379,Cordeiro,Iputinga,Rua Bom Pastor,1118.54,1118.54,Rua Bom Pastor (1118 m)
380,Cordeiro,Engenho do Meio,Rua Bom Pastor,378.02,378.02,Rua Bom Pastor (378 m)
381,Cabanga,São José,Rua Bom Sucesso,235.15,235.15,Rua Bom Sucesso (235 m)
382,Ibura,Jordão,Rua Boquira,115.52,115.52,Rua Boquira (115 m)
383,Estância,Jiquiá,Rua Botuvera,295.51,295.51,Rua Botuvera (295 m)
384,Nova Descoberta,Vasco da Gama,Rua Brasitania,158.27,158.27,Rua Brasitania (158 m)
385,Casa Amarela,Morro da Conceição,Rua Bugari,227.46,227.46,Rua Bugari (227 m)
386,Macaxeira,Nova Descoberta,Rua Bujaru,192.38,192.38,Rua Bujaru (192 m)
387,Macaxeira,Nova Descoberta,Rua Buritirano,184.93,184.93,Rua Buritirano (184 m)
388,Ilha Joana Bezerra,São José,Rua Cabo Eutropio,987.16,987.16,Rua Cabo Eutropio (987 m)
389,Ibura,Jordão,Rua Cafarnaum,410.77,410.77,Rua Cafarnaum (410 m)
390,Encruzilhada,Rosarinho,Rua Caio Pereira,451.35,451.35,Rua Caio Pereira (451 m)
391,Ibura,Jordão,Rua Camocim,400.55,400.55,Rua Camocim (400 m)
392,Ibura,Jordão,Rua Campo Do Jordao,251.81,251.81,Rua Campo Do Jordao (251 m)
393,Alto José do Pinho,Bomba do Hemetério,Rua Campos Belos,69.54,69.54,Rua Campos Belos (69 m)
394,Ibura,Jordão,Rua Campos Do Jordao,236.02,236.02,Rua Campos Do Jordao (236 m)
395,Boa Viagem,Jordão,Rua Canal Do Jordao,1305.13,1305.13,Rua Canal Do Jordao (1305 m)
396,Afogados,Mustardinha,Rua Capitao Adolfo Taquis,553.53,553.53,Rua Capitao Adolfo Taquis (553 m)
397,Graças,Rosarinho,Rua Capitao Sampaio Xavier,341.2,341.2,Rua Capitao Sampaio Xavier (341 m)
398,Graças,Tamarineira,Rua Capitao Sampaio Xavier,244.62,244.62,Rua Capitao Sampaio Xavier (244 m)
399,Rosarinho,Tamarineira,Rua Capitao Sampaio Xavier,117.37,117.37,Rua Capitao Sampaio Xavier (117 m)
400,Boa Viagem,Imbiribeira,Rua Capitao Vicente Da Mota,193.4,193.4,Rua Capitao Vicente Da Mota (193 m)
401,Barro,Tejipió,Rua Capy,135.95,135.95,Rua Capy (135 m)
402,Madalena,Prado,Rua Caratinga,457.11,457.11,Rua Caratinga (457 m)
403,Madalena,Zumbi,Rua Caratinga,457.11,457.11,Rua Caratinga (457 m)
404,Prado,Zumbi,Rua Caratinga,457.11,457.11,Rua Caratinga (457 m)
405,Afogados,Mustardinha,Rua Carlopolis,343.58,343.58,Rua Carlopolis (343 m)
406,Bongi,Prado,Rua Carlos Gomes,1379.98,1379.98,Rua Carlos Gomes (1379 m)
407,Madalena,Prado,Rua Carlos Gomes,1216.28,1216.28,Rua Carlos Gomes (1216 m)
408,Macaxeira,Nova Descoberta,Rua Carlos Marighella,623.62,623.62,Rua Carlos Marighella (623 m)
409,Macaxeira,Nova Descoberta,Rua Carnaiba,88.88,88.88,Rua Carnaiba (88 m)
410,Engenho do Meio,Torrões,Rua Carneiro De Mariz,1325.59,1325.59,Rua Carneiro De Mariz (1325 m)
411,Aflitos,Encruzilhada,Rua Carneiro Vilela,715.98,715.98,Rua Carneiro Vilela (715 m)
412,Estância,Jiquiá,Rua Cassiano,102.45,102.45,Rua Cassiano (102 m)
413,Ibura,Jordão,Rua Catole Do Rocha,197.54,197.54,Rua Catole Do Rocha (197 m)
414,Brejo de Beberibe,Nova Descoberta,Rua Cerro Azul,419.19,419.19,Rua Cerro Azul (419 m)
415,Ilha do Retiro,Madalena,Rua Comendador Bento Aguiar,618.88,618.88,Rua Comendador Bento Aguiar (618 m)
416,Brasília Teimosa,Pina,Rua Comendador Morais,509.51,509.51,Rua Comendador Morais (509 m)
417,Dois Unidos,Passarinho,Rua Compositor Raul Valenca,685.42,685.42,Rua Compositor Raul Valenca (685 m)
418,Água Fria,Bomba do Hemetério,Rua Conde De Sabugosa,315.24,315.24,Rua Conde De Sabugosa (315 m)
419,Fundão,Porto da Madeira,Rua Conselheiro Barros Barreto,618.3,618.3,Rua Conselheiro Barros Barreto (618 m)
420,Água Fria,Porto da Madeira,Rua Conselheiro Barros Barreto,413.84,413.84,Rua Conselheiro Barros Barreto (413 m)
421,Água Fria,Fundão,Rua Conselheiro Barros Barreto,296.26,296.26,Rua Conselheiro Barros Barreto (296 m)
422,Aflitos,Graças,Rua Conselheiro Portela,698.13,698.13,Rua Conselheiro Portela (698 m)
423,Aflitos,Encruzilhada,Rua Conselheiro Portela,636.4,636.4,Rua Conselheiro Portela (636 m)
424,Aflitos,Espinheiro,Rua Conselheiro Portela,612.54,612.54,Rua Conselheiro Portela (612 m)
425,Encruzilhada,Graças,Rua Conselheiro Portela,124.63,124.63,Rua Conselheiro Portela (124 m)
426,Espinheiro,Graças,Rua Conselheiro Portela,100.77,100.77,Rua Conselheiro Portela (100 m)
427,Encruzilhada,Espinheiro,Rua Conselheiro Portela,39.05,39.05,Rua Conselheiro Portela (39 m)
428,Cordeiro,Iputinga,Rua Conselheiro Silveira De Souza,1015.29,1015.29,Rua Conselheiro Silveira De Souza (1015 m)
429,Água Fria,Campina do Barreto,Rua Constanca,419.25,419.25,Rua Constanca (419 m)
430,Água Fria,Fundão,Rua Contendas,145.65,145.65,Rua Contendas (145 m)
431,Brasília Teimosa,Pina,Rua Copaiba,57.41,57.41,Rua Copaiba (57 m)
432,Jiquiá,San Martin,Rua Cordelia Gois Silva,373.33,373.33,Rua Cordelia Gois Silva (373 m)
433,Cordeiro,Iputinga,Rua Coronel Fernando Furtado,749.28,749.28,Rua Coronel Fernando Furtado (749 m)
434,Curado,Jardim São Paulo,Rua Coronel Fernando Machado,604.24,604.24,Rua Coronel Fernando Machado (604 m)
435,Apipucos,Macaxeira,Rua Coronel Joao Batista Do Rego Barros,708.47,708.47,Rua Coronel Joao Batista Do Rego Barros (708 m)
436,Areias,Barro,Rua Coronel Lamenha,350.88,350.88,Rua Coronel Lamenha (350 m)
437,Curado,San Martin,Rua Coronel Mizael De Mendonca,530.85,530.85,Rua Coronel Mizael De Mendonca (530 m)
438,Dois Unidos,Passarinho,Rua Coronel Pilar,311.81,311.81,Rua Coronel Pilar (311 m)
439,Campina do Barreto,Fundão,Rua Coronel Urbano Ribeiro De Sena,856.13,856.13,Rua Coronel Urbano Ribeiro De Sena (856 m)
440,Cajueiro,Fundão,Rua Coronel Urbano Ribeiro De Sena,838.02,838.02,Rua Coronel Urbano Ribeiro De Sena (838 m)
441,Água Fria,Fundão,Rua Coronel Urbano Ribeiro De Sena,707.16,707.16,Rua Coronel Urbano Ribeiro De Sena (707 m)
442,Cajueiro,Campina do Barreto,Rua Coronel Urbano Ribeiro De Sena,403.74,403.74,Rua Coronel Urbano Ribeiro De Sena (403 m)
443,Água Fria,Campina do Barreto,Rua Coronel Urbano Ribeiro De Sena,272.88,272.88,Rua Coronel Urbano Ribeiro De Sena (272 m)
444,Boa Vista,Soledade,Rua Corredor Do Bispo,227.65,227.65,Rua Corredor Do Bispo (227 m)
445,Macaxeira,Nova Descoberta,Rua Corrego Da Areia,1725.5,1725.5,Rua Corrego Da Areia (1725 m)
446,Brejo da Guabiraba,Córrego do Jenipapo,Rua Corrego Da Loura,576.91,576.91,Rua Corrego Da Loura (576 m)
447,Alto José Bonifácio,Morro da Conceição,Rua Corrego Do Euclides,1708.33,1708.33,Rua Corrego Do Euclides (1708 m)
448,Alto José Bonifácio,Morro da Conceição,Rua Corrego Do Ouro,394.34,394.34,Rua Corrego Do Ouro (394 m)
449,Alto José Bonifácio,Vasco da Gama,Rua Corrego Do Ouro,348.1,348.1,Rua Corrego Do Ouro (348 m)
450,Morro da Conceição,Vasco da Gama,Rua Corrego Do Ouro,279.5,279.5,Rua Corrego Do Ouro (279 m)
451,Água Fria,Bomba do Hemetério,Rua Corrego Joao Francisco,542.16,542.16,Rua Corrego Joao Francisco (542 m)
452,Alto José Bonifácio,Alto José do Pinho,Rua Corrego Jose Grande,120.48,120.48,Rua Corrego Jose Grande (120 m)
453,Apipucos,Macaxeira,Rua Correnteza,155.64,155.64,Rua Correnteza (155 m)
454,Encruzilhada,Hipódromo,Rua Costa Pinto,293.18,293.18,Rua Costa Pinto (293 m)
455,Encruzilhada,Ponto de Parada,Rua Costa Pinto,265.9,265.9,Rua Costa Pinto (265 m)
456,Hipódromo,Ponto de Parada,Rua Costa Pinto,196.92,196.92,Rua Costa Pinto (196 m)
457,Cidade Universitária,Engenho do Meio,Rua Costa Sepulveda,727.51,727.51,Rua Costa Sepulveda (727 m)
458,Ponto de Parada,Rosarinho,Rua Couto Magalhaes,527.26,527.26,Rua Couto Magalhaes (527 m)
459,Cajueiro,Campina do Barreto,Rua Couto Soares,840.68,840.68,Rua Couto Soares (840 m)
460,Campo Grande,Encruzilhada,Rua Cristovao Jaques,344.86,344.86,Rua Cristovao Jaques (344 m)
461,Brejo de Beberibe,Passarinho,Rua Da Amizade,195.25,195.25,Rua Da Amizade (195 m)
462,Santo Amaro,Santo Antônio,Rua Da Aurora,2889.47,2889.47,Rua Da Aurora (2889 m)
463,Boa Vista,Santo Amaro,Rua Da Aurora,2889.47,2889.47,Rua Da Aurora (2889 m)
464,Boa Vista,Santo Antônio,Rua Da Aurora,534.2,534.2,Rua Da Aurora (534 m)
465,Santo Antônio,São José,Rua Da Concordia,878.34,878.34,Rua Da Concordia (878 m)
466,Coqueiral,Totó,Rua Da Encosta,256.21,256.21,Rua Da Encosta (256 m)
467,Barro,Tejipió,Rua Da Esperanca,1225.54,1225.54,Rua Da Esperanca (1225 m)
468,Casa Amarela,Parnamirim,Rua Da Estrela,280.12,280.12,Rua Da Estrela (280 m)
469,Campo Grande,Torreão,Rua Da Fronteira,309.43,309.43,Rua Da Fronteira (309 m)
470,Casa Amarela,Parnamirim,Rua Da Harmonia,1040.74,1040.74,Rua Da Harmonia (1040 m)
471,Casa Amarela,Casa Forte,Rua Da Harmonia,996.88,996.88,Rua Da Harmonia (996 m)
472,Casa Forte,Parnamirim,Rua Da Harmonia,168.23,168.23,Rua Da Harmonia (168 m)
473,Espinheiro,Graças,Rua Da Hora,1016.35,1016.35,Rua Da Hora (1016 m)
474,Alto José do Pinho,Mangabeira,Rua Da Mangabeira,451.56,451.56,Rua Da Mangabeira (451 m)
475,Santo Antônio,São José,Rua Da Palma,619.32,619.32,Rua Da Palma (619 m)
476,Brejo de Beberibe,Dois Unidos,Rua Da Paz,115.81,115.81,Rua Da Paz (115 m)
477,Água Fria,Arruda,Rua Da Regeneracao,1520.89,1520.89,Rua Da Regeneracao (1520 m)
478,Boa Vista,Santo Amaro,Rua Da Saudade,755.4,755.4,Rua Da Saudade (755 m)
479,Boa Vista,Soledade,Rua Da Soledade,466.31,466.31,Rua Da Soledade (466 m)
480,Boa Vista,Santo Amaro,Rua Da Uniao,612.56,612.56,Rua Da Uniao (612 m)
481,Cordeiro,Torrões,Rua Daniel Lisboa,81.91,81.91,Rua Daniel Lisboa (81 m)
482,Santo Antônio,São José,Rua Das Aguas Verdes,263.82,263.82,Rua Das Aguas Verdes (263 m)
483,Água Fria,Arruda,Rua Das Mocas,1656.13,1656.13,Rua Das Mocas (1656 m)
484,Arruda,Campina do Barreto,Rua Das Mocas,1392.09,1392.09,Rua Das Mocas (1392 m)
485,Água Fria,Campina do Barreto,Rua Das Mocas,646.72,646.72,Rua Das Mocas (646 m)
486,Boa Vista,Soledade,Rua Das Ninfas,458.95,458.95,Rua Das Ninfas (458 m)
487,Madalena,Torre,Rua Davino Pontual,238.85,238.85,Rua Davino Pontual (238 m)
488,Apipucos,Monteiro,Rua De Apipucos,1203.26,1203.26,Rua De Apipucos (1203 m)
489,Boa Viagem,Pina,Rua Delegado Tercio Soares De Aquino,182.89,182.89,Rua Delegado Tercio Soares De Aquino (182 m)
490,Brasília Teimosa,Pina,Rua Delfim,886.0,886.0,Rua Delfim (886 m)
491,Madalena,Prado,Rua Delfinopolis,65.76,65.76,Rua Delfinopolis (65 m)
492,San Martin,Torrões,Rua Delmiro Gouveia,679.1,679.1,Rua Delmiro Gouveia (679 m)
493,Brasília Teimosa,Pina,Rua Dentudo,51.9,51.9,Rua Dentudo (51 m)
494,Graças,Jaqueira,Rua Deputado Pedro Pires Ferreira,272.91,272.91,Rua Deputado Pedro Pires Ferreira (272 m)
495,Encruzilhada,Ponto de Parada,Rua Deputado Pedro Velho,285.99,285.99,Rua Deputado Pedro Velho (285 m)
496,Parnamirim,Tamarineira,Rua Desembargador Gois Cavalcante,492.56,492.56,Rua Desembargador Gois Cavalcante (492 m)
497,Casa Amarela,Parnamirim,Rua Desembargador Gois Cavalcante,337.32,337.32,Rua Desembargador Gois Cavalcante (337 m)
498,Casa Amarela,Tamarineira,Rua Desembargador Gois Cavalcante,224.14,224.14,Rua Desembargador Gois Cavalcante (224 m)
499,Alto José do Pinho,Bomba do Hemetério,Rua Desembargador Heraclito Cavalcanti,858.08,858.08,Rua Desembargador Heraclito Cavalcanti (858 m)
500,Alto José do Pinho,Mangabeira,Rua Desembargador Heraclito Cavalcanti,787.97,787.97,Rua Desembargador Heraclito Cavalcanti (787 m)
501,Arruda,Bomba do Hemetério,Rua Desembargador Heraclito Cavalcanti,780.41,780.41,Rua Desembargador Heraclito Cavalcanti (780 m)
502,Bomba do Hemetério,Mangabeira,Rua Desembargador Heraclito Cavalcanti,753.72,753.72,Rua Desembargador Heraclito Cavalcanti (753 m)
503,Arruda,Mangabeira,Rua Desembargador Heraclito Cavalcanti,710.3,710.3,Rua Desembargador Heraclito Cavalcanti (710 m)
504,Graças,Rosarinho,Rua Desembargador Martins Pereira,397.4,397.4,Rua Desembargador Martins Pereira (397 m)
505,Afogados,Mustardinha,Rua Desembargador Medeiros Correia,218.67,218.67,Rua Desembargador Medeiros Correia (218 m)
506,Cordeiro,Torrões,Rua Dezesseis De Outubro,377.11,377.11,Rua Dezesseis De Outubro (377 m)
507,Torre,Zumbi,Rua Diogo Alvares,288.76,288.76,Rua Diogo Alvares (288 m)
508,Santo Antônio,São José,Rua Direita,390.39,390.39,Rua Direita (390 m)
509,Campo Grande,Torreão,Rua Djalma Farias,661.57,661.57,Rua Djalma Farias (661 m)
510,Dois Unidos,Passarinho,Rua Do Agave,403.72,403.72,Rua Do Agave (403 m)
511,Beberibe,Porto da Madeira,Rua Do Anil,551.11,551.11,Rua Do Anil (551 m)
512,Apipucos,Macaxeira,Rua Do Banho,109.77,109.77,Rua Do Banho (109 m)
513,Espinheiro,Graças,Rua Do Espinheiro,934.29,934.29,Rua Do Espinheiro (934 m)
514,Graças,Jaqueira,Rua Do Futuro,1402.83,1402.83,Rua Do Futuro (1402 m)
515,Graças,Tamarineira,Rua Do Futuro,968.17,968.17,Rua Do Futuro (968 m)
516,Jaqueira,Tamarineira,Rua Do Futuro,506.98,506.98,Rua Do Futuro (506 m)
517,Boa Vista,Santo Amaro,Rua Do Hospicio,1724.93,1724.93,Rua Do Hospicio (1724 m)
518,Boa Vista,Coelhos,Rua Do Jasmim,272.3,272.3,Rua Do Jasmim (272 m)
519,Água Fria,Arruda,Rua Do Machado,1003.87,1003.87,Rua Do Machado (1003 m)
520,Água Fria,Fundão,Rua Do Machado,646.61,646.61,Rua Do Machado (646 m)
521,Sancho,Totó,Rua Do Nascente,420.9,420.9,Rua Do Nascente (420 m)
522,Santo Antônio,São José,Rua Do Porao,94.58,94.58,Rua Do Porao (94 m)
523,Santo Amaro,Soledade,Rua Do Principe,740.75,740.75,Rua Do Principe (740 m)
524,Boa Vista,Soledade,Rua Do Principe,439.23,439.23,Rua Do Principe (439 m)
525,Boa Vista,Santo Amaro,Rua Do Principe,355.79,355.79,Rua Do Principe (355 m)
526,Boa Vista,Soledade,Rua Do Progresso,495.84,495.84,Rua Do Progresso (495 m)
527,Alto José do Pinho,Mangabeira,Rua Do Rio,1044.71,1044.71,Rua Do Rio (1044 m)
528,Boa Vista,Santo Amaro,Rua Do Sossego,1527.4,1527.4,Rua Do Sossego (1527 m)
529,Morro da Conceição,Vasco da Gama,Rua Dois De Fevereiro,732.99,732.99,Rua Dois De Fevereiro (732 m)
530,Apipucos,Dois Irmãos,Rua Dois Irmaos,1423.62,1423.62,Rua Dois Irmaos (1423 m)
531,Apipucos,Macaxeira,Rua Dolcinopolis,208.29,208.29,Rua Dolcinopolis (208 m)
532,Apipucos,Macaxeira,Rua Dolores Salgado,253.92,253.92,Rua Dolores Salgado (253 m)
533,Mustardinha,San Martin,Rua Dom Expedito Lopes,618.88,618.88,Rua Dom Expedito Lopes (618 m)
534,Campo Grande,Torreão,Rua Dom Joao Costa,434.4,434.4,Rua Dom Joao Costa (434 m)
535,Madalena,Torre,Rua Dom Manoel Da Costa,620.97,620.97,Rua Dom Manoel Da Costa (620 m)
536,Madalena,Zumbi,Rua Dom Manoel Da Costa,620.97,620.97,Rua Dom Manoel Da Costa (620 m)
537,Torre,Zumbi,Rua Dom Manoel Da Costa,620.97,620.97,Rua Dom Manoel Da Costa (620 m)
538,Areias,Caçote,Rua Dona Ana Aurora,1764.07,1764.07,Rua Dona Ana Aurora (1764 m)
539,Encruzilhada,Hipódromo,Rua Dona Elvira,400.08,400.08,Rua Dona Elvira (400 m)
540,Bongi,San Martin,Rua Dona Maria Augusta Nogueira,819.53,819.53,Rua Dona Maria Augusta Nogueira (819 m)
541,Casa Forte,Parnamirim,Rua Dona Rita De Souza,289.98,289.98,Rua Dona Rita De Souza (289 m)
542,Beberibe,Porto da Madeira,Rua Dona Virtuosa De Lucena,276.19,276.19,Rua Dona Virtuosa De Lucena (276 m)
543,Boa Vista,Coelhos,Rua Dos Coelhos,526.07,526.07,Rua Dos Coelhos (526 m)
544,Boa Viagem,Imbiribeira,Rua Dos Tijolos,203.8,203.8,Rua Dos Tijolos (203 m)
545,Brejo de Beberibe,Dois Unidos,Rua Doutor Antonio Da Rosa Borges,206.1,206.1,Rua Doutor Antonio Da Rosa Borges (206 m)
546,Brejo de Beberibe,Passarinho,Rua Doutor Antonio Da Rosa Borges,137.88,137.88,Rua Doutor Antonio Da Rosa Borges (137 m)
547,Dois Unidos,Passarinho,Rua Doutor Antonio Da Rosa Borges,72.49,72.49,Rua Doutor Antonio Da Rosa Borges (72 m)
548,Encruzilhada,Rosarinho,Rua Doutor Jose Maria,1068.19,1068.19,Rua Doutor Jose Maria (1068 m)
549,Rosarinho,Tamarineira,Rua Doutor Jose Maria,568.63,568.63,Rua Doutor Jose Maria (568 m)
550,Boa Vista,Santo Antônio,Rua Doutor Jose Mariano,765.81,765.81,Rua Doutor Jose Mariano (765 m)
551,Boa Vista,Coelhos,Rua Doutor Jose Mariano,675.58,675.58,Rua Doutor Jose Mariano (675 m)
552,Coelhos,Santo Antônio,Rua Doutor Jose Mariano,299.14,299.14,Rua Doutor Jose Mariano (299 m)
553,Boa Viagem,Imbiribeira,Rua Doutor Luiz Correa De Oliveira,743.28,743.28,Rua Doutor Luiz Correa De Oliveira (743 m)
554,Areias,Barro,Rua Doutor Vilas Boa,976.31,976.31,Rua Doutor Vilas Boa (976 m)
555,Areias,Estância,Rua Dr Adelino Filho,242.09,242.09,Rua Dr Adelino Filho (242 m)
556,Cajueiro,Porto da Madeira,Rua Dr Alberto Wanderley,544.49,544.49,Rua Dr Alberto Wanderley (544 m)
557,Apipucos,Macaxeira,Rua Dr Anauro Dornellas Camara,630.52,630.52,Rua Dr Anauro Dornellas Camara (630 m)
558,Campina do Barreto,Peixinhos,Rua Dr Elias Gomes,1125.08,1125.08,Rua Dr Elias Gomes (1125 m)
559,Curado,Torrões,Rua Dr Flavio Ferreira Da Silva Marojo,901.68,901.68,Rua Dr Flavio Ferreira Da Silva Marojo (901 m)
560,San Martin,Torrões,Rua Dr Flavio Ferreira Da Silva Marojo,686.86,686.86,Rua Dr Flavio Ferreira Da Silva Marojo (686 m)
561,Curado,San Martin,Rua Dr Flavio Ferreira Da Silva Marojo,475.99,475.99,Rua Dr Flavio Ferreira Da Silva Marojo (475 m)
562,Cordeiro,Iputinga,Rua Dr Gastao Da Silveira,939.04,939.04,Rua Dr Gastao Da Silveira (939 m)
563,Estância,Jardim São Paulo,Rua Dr Gustavo Pinto,495.81,495.81,Rua Dr Gustavo Pinto (495 m)
564,Ilha do Leite,Paissandu,Rua Dr Joao Asfora,246.51,246.51,Rua Dr Joao Asfora (246 m)
565,Bongi,Mustardinha,Rua Dr Joao Costa,515.93,515.93,Rua Dr Joao Costa (515 m)
566,Cordeiro,Torrões,Rua Dr Miguel Vieira Ferreira,1235.46,1235.46,Rua Dr Miguel Vieira Ferreira (1235 m)
567,Cordeiro,Engenho do Meio,Rua Dr Miguel Vieira Ferreira,1184.87,1184.87,Rua Dr Miguel Vieira Ferreira (1184 m)
568,Engenho do Meio,Torrões,Rua Dr Miguel Vieira Ferreira,148.89,148.89,Rua Dr Miguel Vieira Ferreira (148 m)
569,Água Fria,Fundão,Rua Dr Pereira Da Silva,527.96,527.96,Rua Dr Pereira Da Silva (527 m)
570,Casa Forte,Parnamirim,Rua Dr Samuel Lins,275.42,275.42,Rua Dr Samuel Lins (275 m)
571,Bongi,Prado,Rua Dr Severino Jatoba,574.47,574.47,Rua Dr Severino Jatoba (574 m)
572,Casa Amarela,Monteiro,Rua Duas Barras,205.68,205.68,Rua Duas Barras (205 m)
573,Cidade Universitária,Várzea,Rua Eduardo Dubeux,517.14,517.14,Rua Eduardo Dubeux (517 m)
574,Dois Unidos,Linha do Tiro,Rua Eladio Camboim,636.97,636.97,Rua Eladio Camboim (636 m)
575,Boa Viagem,Imbiribeira,Rua Eladio Ramos,724.11,724.11,Rua Eladio Ramos (724 m)
576,Ibura,Jordão,Rua Elesbao Veloso,452.74,452.74,Rua Elesbao Veloso (452 m)
577,Iputinga,Várzea,Rua Emiliano Braga,1015.78,1015.78,Rua Emiliano Braga (1015 m)
578,Dois Unidos,Passarinho,Rua Engenheiro Celio De Carli,640.32,640.32,Rua Engenheiro Celio De Carli (640 m)
579,Alto José Bonifácio,Vasco da Gama,Rua Engenho Parol,226.75,226.75,Rua Engenho Parol (226 m)
580,Afogados,Mustardinha,Rua Ernesto Cavalcanti,1951.39,1951.39,Rua Ernesto Cavalcanti (1951 m)
581,Córrego do Jenipapo,Macaxeira,Rua Erundina Negreiros De Araujo,1039.61,1039.61,Rua Erundina Negreiros De Araujo (1039 m)
582,Coqueiral,Totó,Rua Escada,128.39,128.39,Rua Escada (128 m)
583,Ilha do Leite,Paissandu,Rua Estado De Israel,419.22,419.22,Rua Estado De Israel (419 m)
584,Casa Amarela,Monteiro,Rua Euclides Frazao,118.19,118.19,Rua Euclides Frazao (118 m)
585,Curado,Jardim São Paulo,Rua Euzebio De Matos,246.86,246.86,Rua Euzebio De Matos (246 m)
586,Água Fria,Campina do Barreto,Rua Expedicionario Jamil Dagli,920.54,920.54,Rua Expedicionario Jamil Dagli (920 m)
587,Campina do Barreto,Peixinhos,Rua Expedicionario Jamil Dagli,774.97,774.97,Rua Expedicionario Jamil Dagli (774 m)
588,Arruda,Peixinhos,Rua Expedicionario Jamil Dagli,771.42,771.42,Rua Expedicionario Jamil Dagli (771 m)
589,Arruda,Campina do Barreto,Rua Expedicionario Jamil Dagli,759.53,759.53,Rua Expedicionario Jamil Dagli (759 m)
590,Água Fria,Arruda,Rua Expedicionario Jamil Dagli,501.33,501.33,Rua Expedicionario Jamil Dagli (501 m)
591,Coqueiral,Tejipió,Rua Falcao De Lacerda,999.0,999.0,Rua Falcao De Lacerda (999 m)
592,Cordeiro,Torrões,Rua Felixlandia,408.31,408.31,Rua Felixlandia (408 m)
593,Ibura,Jordão,Rua Fernandes Belo,716.95,716.95,Rua Fernandes Belo (716 m)
594,Casa Amarela,Parnamirim,Rua Ferreira Lopes,514.82,514.82,Rua Ferreira Lopes (514 m)
595,Casa Forte,Parnamirim,Rua Flamengo,194.67,194.67,Rua Flamengo (194 m)
596,Santo Antônio,São José,Rua Floriano Peixoto,857.54,857.54,Rua Floriano Peixoto (857 m)
597,Coelhos,Ilha do Leite,Rua Francisco Alves,756.61,756.61,Rua Francisco Alves (756 m)
598,Ibura,Jordão,Rua Francisco Beltrao,1591.78,1591.78,Rua Francisco Beltrao (1591 m)
599,Campo Grande,Hipódromo,Rua Francisco Berenguer,824.15,824.15,Rua Francisco Berenguer (824 m)
600,Brejo da Guabiraba,Brejo de Beberibe,Rua Francisco Camarino,288.05,288.05,Rua Francisco Camarino (288 m)
601,Macaxeira,Nova Descoberta,Rua Francisco Passos,175.81,175.81,Rua Francisco Passos (175 m)
602,Brasília Teimosa,Pina,Rua Francisco Valpassos,457.75,457.75,Rua Francisco Valpassos (457 m)
603,Encruzilhada,Hipódromo,Rua Frederico,528.04,528.04,Rua Frederico (528 m)
604,Ilha do Leite,Paissandu,Rua Frei Matias Tevis,486.59,486.59,Rua Frei Matias Tevis (486 m)
605,Curado,Totó,Rua Garcia,108.58,108.58,Rua Garcia (108 m)
606,Curado,Jardim São Paulo,Rua Gastao De Carvalho,145.6,145.6,Rua Gastao De Carvalho (145 m)
607,Rosarinho,Tamarineira,Rua General Abreu E Lima,491.7,491.7,Rua General Abreu E Lima (491 m)
608,Ilha do Leite,Paissandu,Rua General Joaquim Inacio,686.91,686.91,Rua General Joaquim Inacio (686 m)
609,Boa Vista,Ilha do Leite,Rua General Joaquim Inacio,480.27,480.27,Rua General Joaquim Inacio (480 m)
610,Boa Vista,Paissandu,Rua General Joaquim Inacio,363.79,363.79,Rua General Joaquim Inacio (363 m)
611,Cidade Universitária,Iputinga,Rua General Vargas,894.11,894.11,Rua General Vargas (894 m)
612,Engenho do Meio,Iputinga,Rua General Vargas,894.11,894.11,Rua General Vargas (894 m)
613,Cidade Universitária,Engenho do Meio,Rua General Vargas,609.94,609.94,Rua General Vargas (609 m)
614,Boa Vista,Santo Amaro,Rua Gervasio Pires,1137.53,1137.53,Rua Gervasio Pires (1137 m)
615,Boa Vista,Soledade,Rua Gervasio Pires,638.78,638.78,Rua Gervasio Pires (638 m)
616,Santo Amaro,Soledade,Rua Gervasio Pires,601.65,601.65,Rua Gervasio Pires (601 m)
617,Cordeiro,Prado,Rua Gomes Taborda,1952.68,1952.68,Rua Gomes Taborda (1952 m)
618,Prado,Zumbi,Rua Gomes Taborda,1382.71,1382.71,Rua Gomes Taborda (1382 m)
619,Cordeiro,Zumbi,Rua Gomes Taborda,606.31,606.31,Rua Gomes Taborda (606 m)
620,Ibura,Imbiribeira,Rua Goncalves De Magalhaes,734.33,734.33,Rua Goncalves De Magalhaes (734 m)
621,Boa Vista,Soledade,Rua Goncalves Maia,264.4,264.4,Rua Goncalves Maia (264 m)
622,Cidade Universitária,Engenho do Meio,Rua Governador Lopo Garro,902.77,902.77,Rua Governador Lopo Garro (902 m)
623,Cordeiro,Zumbi,Rua Gregorio Junior,560.34,560.34,Rua Gregorio Junior (560 m)
624,Brejo de Beberibe,Vasco da Gama,Rua Grijalva Costa,298.99,298.99,Rua Grijalva Costa (298 m)
625,Afogados,Mustardinha,Rua Guaiba,94.55,94.55,Rua Guaiba (94 m)
626,Casa Amarela,Morro da Conceição,Rua Guaicara,206.47,206.47,Rua Guaicara (206 m)
627,Coqueiral,Tejipió,Rua Guanabara,438.82,438.82,Rua Guanabara (438 m)
628,Dois Unidos,Linha do Tiro,Rua Guaraja,191.22,191.22,Rua Guaraja (191 m)
629,Casa Amarela,Monteiro,Rua Guerra De Holanda,138.87,138.87,Rua Guerra De Holanda (138 m)
630,Derby,Graças,Rua Guilherme Pinto,437.43,437.43,Rua Guilherme Pinto (437 m)
631,Casa Amarela,Tamarineira,Rua Guimaraes Peixoto,485.11,485.11,Rua Guimaraes Peixoto (485 m)
632,Alto José Bonifácio,Linha do Tiro,Rua Gustavo Barrozo,385.65,385.65,Rua Gustavo Barrozo (385 m)
633,Boa Vista,Derby,Rua Henrique Dias,592.69,592.69,Rua Henrique Dias (592 m)
634,Cajueiro,Campina do Barreto,Rua Hercilia De Medeiros,507.33,507.33,Rua Hercilia De Medeiros (507 m)
635,Curado,Várzea,Rua Historiador Luiz Do Nascimento,1139.6,1139.6,Rua Historiador Luiz Do Nascimento (1139 m)
636,Casa Amarela,Monteiro,Rua Iguatama,57.87,57.87,Rua Iguatama (57 m)
637,Cordeiro,Torrões,Rua Ijui,291.72,291.72,Rua Ijui (291 m)
638,Jardim São Paulo,Tejipió,Rua Iraguacu,131.23,131.23,Rua Iraguacu (131 m)
639,Cidade Universitária,Várzea,Rua Isaac Buril,295.33,295.33,Rua Isaac Buril (295 m)
640,Bongi,San Martin,Rua Isaac Markman,1070.9,1070.9,Rua Isaac Markman (1070 m)
641,Morro da Conceição,Vasco da Gama,Rua Itaguatiara,547.05,547.05,Rua Itaguatiara (547 m)
642,Bongi,San Martin,Rua Itapemirim,661.66,661.66,Rua Itapemirim (661 m)
643,Bongi,Mustardinha,Rua Itapolis,206.94,206.94,Rua Itapolis (206 m)
644,Mustardinha,San Martin,Rua Itaquari,210.23,210.23,Rua Itaquari (210 m)
645,Brejo de Beberibe,Linha do Tiro,Rua Izaltino Lobo,154.96,154.96,Rua Izaltino Lobo (154 m)
646,Dois Unidos,Linha do Tiro,Rua Izaltino Lobo,144.74,144.74,Rua Izaltino Lobo (144 m)
647,Brejo de Beberibe,Dois Unidos,Rua Izaltino Lobo,95.66,95.66,Rua Izaltino Lobo (95 m)
648,Bomba do Hemetério,Mangabeira,Rua Jacob,266.48,266.48,Rua Jacob (266 m)
649,Arruda,Bomba do Hemetério,Rua Jacob,218.97,218.97,Rua Jacob (218 m)
650,Arruda,Mangabeira,Rua Jacob,206.67,206.67,Rua Jacob (206 m)
651,Imbiribeira,Ipsep,Rua Jean Emile Favre,1822.99,1822.99,Rua Jean Emile Favre (1822 m)
652,Casa Amarela,Casa Forte,Rua Joao Barbalho,194.98,194.98,Rua Joao Barbalho (194 m)
653,Madalena,Zumbi,Rua Joao Da Mata,123.82,123.82,Rua Joao Da Mata (123 m)
654,Boa Vista,Soledade,Rua Joao Fernandes Vieira,976.53,976.53,Rua Joao Fernandes Vieira (976 m)
655,Madalena,Prado,Rua Joao Ivo Da Silva,1587.39,1587.39,Rua Joao Ivo Da Silva (1587 m)
656,Ilha do Retiro,Prado,Rua Joao Ivo Da Silva,1319.02,1319.02,Rua Joao Ivo Da Silva (1319 m)
657,Ilha do Retiro,Madalena,Rua Joao Ivo Da Silva,321.53,321.53,Rua Joao Ivo Da Silva (321 m)
658,Afogados,Mangueira,Rua Joao Leite,688.74,688.74,Rua Joao Leite (688 m)
659,Cordeiro,Iputinga,Rua Joao Rozendo,566.81,566.81,Rua Joao Rozendo (566 m)
660,Iputinga,Várzea,Rua Joao Sales Menezes,1572.36,1572.36,Rua Joao Sales Menezes (1572 m)
661,Estância,Jiquiá,Rua Joao Teixeira,916.93,916.93,Rua Joao Teixeira (916 m)
662,Bongi,Mustardinha,Rua Joao Trajano Da Silva,506.69,506.69,Rua Joao Trajano Da Silva (506 m)
663,Bongi,Prado,Rua Joaquim Da Silva Caldas,341.15,341.15,Rua Joaquim Da Silva Caldas (341 m)
664,Boa Vista,Soledade,Rua Joaquim Felipe,262.69,262.69,Rua Joaquim Felipe (262 m)
665,Derby,Graças,Rua Joaquim Nabuco,821.69,821.69,Rua Joaquim Nabuco (821 m)
666,Casa Amarela,Morro da Conceição,Rua Joaquim Teixeira,188.34,188.34,Rua Joaquim Teixeira (188 m)
667,Boa Vista,Coelhos,Rua Jornalista Edmundo Bittencourt,213.19,213.19,Rua Jornalista Edmundo Bittencourt (213 m)
668,Água Fria,Fundão,Rua Jornalista Jose Campelo Junior,475.92,475.92,Rua Jornalista Jose Campelo Junior (475 m)
669,Campina do Barreto,Peixinhos,Rua Jornalista Paulo Matos,196.42,196.42,Rua Jornalista Paulo Matos (196 m)
670,Madalena,Torre,Rua Jose Bonifacio,1890.85,1890.85,Rua Jose Bonifacio (1890 m)
671,Macaxeira,Nova Descoberta,Rua Jose Carlos Novaes Da Mata Machado,432.52,432.52,Rua Jose Carlos Novaes Da Mata Machado (432 m)
672,Boa Vista,Coelhos,Rua Jose De Alencar,892.54,892.54,Rua Jose De Alencar (892 m)
673,Boa Vista,Ilha do Leite,Rua Jose De Alencar,773.86,773.86,Rua Jose De Alencar (773 m)
674,Coelhos,Ilha do Leite,Rua Jose De Alencar,367.04,367.04,Rua Jose De Alencar (367 m)
675,Imbiribeira,Ipsep,Rua Jose Fernandes Portugal,338.65,338.65,Rua Jose Fernandes Portugal (338 m)
676,Ibura,Jordão,Rua Jose Martorano,711.76,711.76,Rua Jose Martorano (711 m)
677,Areias,Barro,Rua Jose Natario,626.55,626.55,Rua Jose Natario (626 m)
678,Curado,Jardim São Paulo,Rua Jose Tavares De Holanda,636.67,636.67,Rua Jose Tavares De Holanda (636 m)
679,Água Fria,Porto da Madeira,Rua Judith,439.55,439.55,Rua Judith (439 m)
680,Curado,Jardim São Paulo,Rua Jundiai,985.81,985.81,Rua Jundiai (985 m)
681,Macaxeira,Nova Descoberta,Rua Juremal,140.98,140.98,Rua Juremal (140 m)
682,Alto José do Pinho,Mangabeira,Rua Lage De Una,528.89,528.89,Rua Lage De Una (528 m)
683,Casa Forte,Parnamirim,Rua Lemos Torres,292.67,292.67,Rua Lemos Torres (292 m)
684,Parnamirim,Santana,Rua Leonardo Bezerra Cavalcanti,709.22,709.22,Rua Leonardo Bezerra Cavalcanti (709 m)
685,Jaqueira,Santana,Rua Leonardo Bezerra Cavalcanti,666.14,666.14,Rua Leonardo Bezerra Cavalcanti (666 m)
686,Jaqueira,Parnamirim,Rua Leonardo Bezerra Cavalcanti,453.43,453.43,Rua Leonardo Bezerra Cavalcanti (453 m)
687,Guabiraba,Passarinho,Rua Limite De Municipio,1917.32,1917.32,Rua Limite De Municipio (1917 m)
688,Dois Irmãos,Guabiraba,Rua Limite De Municipio,1360.47,1360.47,Rua Limite De Municipio (1360 m)
689,Coqueiral,Totó,Rua Limite De Municipio,325.02,325.02,Rua Limite De Municipio (325 m)
690,Cidade Universitária,Engenho do Meio,Rua Lindolfo Color,754.02,754.02,Rua Lindolfo Color (754 m)
691,Coqueiral,Tejipió,Rua Lourenco Bezerra,382.79,382.79,Rua Lourenco Bezerra (382 m)
692,Nova Descoberta,Vasco da Gama,Rua Luiz Cesario De Melo,530.05,530.05,Rua Luiz Cesario De Melo (530 m)
693,Afogados,Mangueira,Rua Luiz Figueiroa,334.76,334.76,Rua Luiz Figueiroa (334 m)
694,Macaxeira,Nova Descoberta,Rua Luiza Da Costa Melo,124.2,124.2,Rua Luiza Da Costa Melo (124 m)
695,Bongi,Mustardinha,Rua Major Mario Portela,730.2,730.2,Rua Major Mario Portela (730 m)
696,Alto do Mandu,Monteiro,Rua Mandacaru,630.72,630.72,Rua Mandacaru (630 m)
697,Alto do Mandu,Apipucos,Rua Mandacaru,567.76,567.76,Rua Mandacaru (567 m)
698,Apipucos,Monteiro,Rua Mandacaru,160.86,160.86,Rua Mandacaru (160 m)
699,Madalena,Prado,Rua Manicore,375.93,375.93,Rua Manicore (375 m)
700,Cajueiro,Campina do Barreto,Rua Manoel Brandao,790.26,790.26,Rua Manoel Brandao (790 m)
701,Cordeiro,Torrões,Rua Manoel Goncalves De Oliveira,201.86,201.86,Rua Manoel Goncalves De Oliveira (201 m)
702,Água Fria,Fundão,Rua Manoel Silva,400.21,400.21,Rua Manoel Silva (400 m)
703,Casa Amarela,Monteiro,Rua Maraca,105.95,105.95,Rua Maraca (105 m)
704,Coqueiral,Totó,Rua Maracai,164.71,164.71,Rua Maracai (164 m)
705,Beberibe,Porto da Madeira,Rua Marajo,308.27,308.27,Rua Marajo (308 m)
706,Cordeiro,Torrões,Rua Maravilha,199.83,199.83,Rua Maravilha (199 m)
707,Água Fria,Campina do Barreto,Rua Marcilio Dias,723.25,723.25,Rua Marcilio Dias (723 m)
708,Campo Grande,Encruzilhada,Rua Marechal Deodoro,725.37,725.37,Rua Marechal Deodoro (725 m)
709,Bongi,Mustardinha,Rua Maria Jose De Lima,245.27,245.27,Rua Maria Jose De Lima (245 m)
710,Afogados,Bongi,Rua Maria Jose De Lima,201.2,201.2,Rua Maria Jose De Lima (201 m)
711,Afogados,Mustardinha,Rua Maria Jose De Lima,47.02,47.02,Rua Maria Jose De Lima (47 m)
712,Cidade Universitária,Várzea,Rua Mario Campelo,873.82,873.82,Rua Mario Campelo (873 m)
713,Afogados,Mustardinha,Rua Mario Libanio,333.69,333.69,Rua Mario Libanio (333 m)
714,Boa Vista,Ilha do Leite,Rua Marques Amorim,625.93,625.93,Rua Marques Amorim (625 m)
715,Campo Grande,Hipódromo,Rua Marques De Baipendi,1351.93,1351.93,Rua Marques De Baipendi (1351 m)
716,Alto do Mandu,Macaxeira,Rua Massaranduba,463.11,463.11,Rua Massaranduba (463 m)
717,Apipucos,Macaxeira,Rua Massaranduba,452.4,452.4,Rua Massaranduba (452 m)
718,Alto do Mandu,Apipucos,Rua Massaranduba,348.17,348.17,Rua Massaranduba (348 m)
719,Campo Grande,Hipódromo,Rua Mateus Tartaruga,241.64,241.64,Rua Mateus Tartaruga (241 m)
720,Sancho,Tejipió,Rua Matoso Da Camara,399.87,399.87,Rua Matoso Da Camara (399 m)
721,Cidade Universitária,Iputinga,Rua Mauriceia,484.48,484.48,Rua Mauriceia (484 m)
722,Encruzilhada,Ponto de Parada,Rua Mem De Sa,296.04,296.04,Rua Mem De Sa (296 m)
723,Caxangá,Iputinga,Rua Ministro Joao Alberto,946.87,946.87,Rua Ministro Joao Alberto (946 m)
724,Alto José do Pinho,Mangabeira,Rua Monte Horeb,405.62,405.62,Rua Monte Horeb (405 m)
725,Bongi,Mustardinha,Rua Moreira Reis,323.28,323.28,Rua Moreira Reis (323 m)
726,Jaqueira,Parnamirim,Rua Muniz Tavares,311.31,311.31,Rua Muniz Tavares (311 m)
727,Nova Descoberta,Vasco da Gama,Rua N S Da Ajuda,194.39,194.39,Rua N S Da Ajuda (194 m)
728,Brejo da Guabiraba,Passarinho,Rua N S Da Piedade,217.76,217.76,Rua N S Da Piedade (217 m)
729,Cordeiro,Iputinga,Rua N S Da Saude,627.36,627.36,Rua N S Da Saude (627 m)
730,Estância,Jardim São Paulo,Rua N S De Fatima,576.19,576.19,Rua N S De Fatima (576 m)
731,Cajueiro,Campina do Barreto,Rua Nadia,254.48,254.48,Rua Nadia (254 m)
732,Macaxeira,Nova Descoberta,Rua Nage,62.85,62.85,Rua Nage (62 m)
733,Encruzilhada,Torreão,Rua Natividade Saldanha,128.73,128.73,Rua Natividade Saldanha (128 m)
734,Brejo de Beberibe,Nova Descoberta,Rua Nova Descoberta,2425.81,2425.81,Rua Nova Descoberta (2425 m)
735,Cordeiro,Torrões,Rua Ocidental,603.21,603.21,Rua Ocidental (603 m)
736,Curado,Totó,Rua Onze De Agosto,678.61,678.61,Rua Onze De Agosto (678 m)
737,Cordeiro,Torrões,Rua Onze De Fevereiro,616.64,616.64,Rua Onze De Fevereiro (616 m)
738,Afogados,Mustardinha,Rua Orlandia,39.93,39.93,Rua Orlandia (39 m)
739,Boa Vista,Soledade,Rua Osvaldo Cruz,285.64,285.64,Rua Osvaldo Cruz (285 m)
740,Campo Grande,Torreão,Rua Othon Paraiso,869.39,869.39,Rua Othon Paraiso (869 m)
741,Encruzilhada,Torreão,Rua Othon Paraiso,828.87,828.87,Rua Othon Paraiso (828 m)
742,Campo Grande,Encruzilhada,Rua Othon Paraiso,400.1,400.1,Rua Othon Paraiso (400 m)
743,Madalena,Torre,Rua Padre Anchieta,551.18,551.18,Rua Padre Anchieta (551 m)
744,Madalena,Torre,Rua Padre Landim,342.45,342.45,Rua Padre Landim (342 m)
745,Cordeiro,Zumbi,Rua Padre Leonardo Greco,330.27,330.27,Rua Padre Leonardo Greco (330 m)
746,Encruzilhada,Torreão,Rua Padre Miguelinho,419.76,419.76,Rua Padre Miguelinho (419 m)
747,Alto José Bonifácio,Alto José do Pinho,Rua Padre Oliveira,230.46,230.46,Rua Padre Oliveira (230 m)
748,Parnamirim,Tamarineira,Rua Padre Roma,1322.18,1322.18,Rua Padre Roma (1322 m)
749,Jaqueira,Parnamirim,Rua Padre Roma,737.37,737.37,Rua Padre Roma (737 m)
750,Jaqueira,Tamarineira,Rua Padre Roma,635.52,635.52,Rua Padre Roma (635 m)
751,Afogados,Prado,Rua Padre Teofilo Tworz,1389.84,1389.84,Rua Padre Teofilo Tworz (1389 m)
752,Ilha do Retiro,Prado,Rua Padre Teofilo Tworz,1118.1,1118.1,Rua Padre Teofilo Tworz (1118 m)
753,Afogados,Ilha do Retiro,Rua Padre Teofilo Tworz,1094.38,1094.38,Rua Padre Teofilo Tworz (1094 m)
754,Bongi,Prado,Rua Padre Teofilo Tworz,1018.94,1018.94,Rua Padre Teofilo Tworz (1018 m)
755,Afogados,Bongi,Rua Padre Teofilo Tworz,995.23,995.23,Rua Padre Teofilo Tworz (995 m)
756,Campo Grande,Hipódromo,Rua Padre Villemain,113.6,113.6,Rua Padre Villemain (113 m)
757,Boa Vista,Paissandu,Rua Paissandu,1041.99,1041.99,Rua Paissandu (1041 m)
758,Derby,Paissandu,Rua Paissandu,836.32,836.32,Rua Paissandu (836 m)
759,Boa Vista,Derby,Rua Paissandu,212.41,212.41,Rua Paissandu (212 m)
760,Cajueiro,Porto da Madeira,Rua Para,315.29,315.29,Rua Para (315 m)
761,Nova Descoberta,Vasco da Gama,Rua Paraisopolis,181.44,181.44,Rua Paraisopolis (181 m)
762,Sancho,Totó,Rua Paulino De Farias,673.59,673.59,Rua Paulino De Farias (673 m)
763,Coqueiral,Totó,Rua Paulino De Farias,604.24,604.24,Rua Paulino De Farias (604 m)
764,Coqueiral,Sancho,Rua Paulino De Farias,343.94,343.94,Rua Paulino De Farias (343 m)
765,Jiquiá,San Martin,Rua Pedro Boulitreau,528.89,528.89,Rua Pedro Boulitreau (528 m)
766,Arruda,Ponto de Parada,Rua Petronila Botelho,294.86,294.86,Rua Petronila Botelho (294 m)
767,Arruda,Campo Grande,Rua Petronila Botelho,229.73,229.73,Rua Petronila Botelho (229 m)
768,Campo Grande,Ponto de Parada,Rua Petronila Botelho,112.79,112.79,Rua Petronila Botelho (112 m)
769,Madalena,Torre,Rua Pio Ix,683.52,683.52,Rua Pio Ix (683 m)
770,Casa Amarela,Monteiro,Rua Piracanjuba,58.05,58.05,Rua Piracanjuba (58 m)
771,Engenho do Meio,Torrões,Rua Pocao,258.31,258.31,Rua Pocao (258 m)
772,Brejo de Beberibe,Nova Descoberta,Rua Portelandia,422.87,422.87,Rua Portelandia (422 m)
773,Brejo da Guabiraba,Nova Descoberta,Rua Portelandia,255.2,255.2,Rua Portelandia (255 m)
774,Brejo da Guabiraba,Brejo de Beberibe,Rua Portelandia,233.43,233.43,Rua Portelandia (233 m)
775,Imbiribeira,Ipsep,Rua Potengy,688.88,688.88,Rua Potengy (688 m)
776,Coelhos,Ilha do Leite,Rua Prefeito Jorge Martins,643.63,643.63,Rua Prefeito Jorge Martins (643 m)
777,Ilha do Leite,Paissandu,Rua Prefeito Jorge Martins,387.34,387.34,Rua Prefeito Jorge Martins (387 m)
778,Boa Vista,Santo Amaro,Rua Princesa Isabel,384.09,384.09,Rua Princesa Isabel (384 m)
779,Boa Vista,Santo Antônio,Rua Princesa Isabel,334.97,334.97,Rua Princesa Isabel (334 m)
780,Santo Amaro,Santo Antônio,Rua Princesa Isabel,91.36,91.36,Rua Princesa Isabel (91 m)
781,Estância,Jiquiá,Rua Professor Caldas Filho,353.64,353.64,Rua Professor Caldas Filho (353 m)
782,Afogados,Bongi,Rua Professor Celestin Malzac,171.82,171.82,Rua Professor Celestin Malzac (171 m)
783,Encruzilhada,Hipódromo,Rua Professor Jeronimo Gueiros,1209.86,1209.86,Rua Professor Jeronimo Gueiros (1209 m)
784,Campo Grande,Hipódromo,Rua Professor Jeronimo Gueiros,691.36,691.36,Rua Professor Jeronimo Gueiros (691 m)
785,Hipódromo,Ponto de Parada,Rua Professor Jeronimo Gueiros,682.07,682.07,Rua Professor Jeronimo Gueiros (682 m)
786,Campo Grande,Encruzilhada,Rua Professor Jeronimo Gueiros,574.88,574.88,Rua Professor Jeronimo Gueiros (574 m)
787,Encruzilhada,Ponto de Parada,Rua Professor Jeronimo Gueiros,565.58,565.58,Rua Professor Jeronimo Gueiros (565 m)
788,Campo Grande,Ponto de Parada,Rua Professor Jeronimo Gueiros,47.09,47.09,Rua Professor Jeronimo Gueiros (47 m)
789,Madalena,Prado,Rua Professor Lins E Silva,320.61,320.61,Rua Professor Lins E Silva (320 m)
790,Arruda,Bomba do Hemetério,Rua Professor Manuel Torres,168.69,168.69,Rua Professor Manuel Torres (168 m)
791,Bongi,Prado,Rua Professor Mario Ramos,248.83,248.83,Rua Professor Mario Ramos (248 m)
792,Encruzilhada,Hipódromo,Rua Professor Miranda Curio,364.53,364.53,Rua Professor Miranda Curio (364 m)
793,Guabiraba,Passarinho,Rua Projetada,2533.46,2533.46,Rua Projetada (2533 m)
794,Campo Grande,Santo Amaro,Rua Projetada,849.75,849.75,Rua Projetada (849 m)
795,Campo Grande,Hipódromo,Rua Prudente De Moraes,656.17,656.17,Rua Prudente De Moraes (656 m)
796,Aflitos,Espinheiro,Rua Quarenta E Oito,1002.92,1002.92,Rua Quarenta E Oito (1002 m)
797,Encruzilhada,Espinheiro,Rua Quarenta E Oito,794.08,794.08,Rua Quarenta E Oito (794 m)
798,Aflitos,Encruzilhada,Rua Quarenta E Oito,640.87,640.87,Rua Quarenta E Oito (640 m)
799,Alto do Mandu,Monteiro,Rua Quatro De Marco,399.88,399.88,Rua Quatro De Marco (399 m)
800,Madalena,Prado,Rua Quatro De Outubro,318.95,318.95,Rua Quatro De Outubro (318 m)
801,San Martin,Torrões,Rua Quinze De Marco,903.18,903.18,Rua Quinze De Marco (903 m)
802,Afogados,Mustardinha,Rua Raimundo Jaco,86.96,86.96,Rua Raimundo Jaco (86 m)
803,Bongi,Prado,Rua Randolfo Pinto Ferreira,683.97,683.97,Rua Randolfo Pinto Ferreira (683 m)
804,Curado,Jardim São Paulo,Rua Raphael De Oliveira Alves,68.49,68.49,Rua Raphael De Oliveira Alves (68 m)
805,Água Fria,Arruda,Rua Raul Pompeia,641.46,641.46,Rua Raul Pompeia (641 m)
806,Madalena,Torre,Rua Real Da Torre,2319.24,2319.24,Rua Real Da Torre (2319 m)
807,Cordeiro,Zumbi,Rua Ribeiro Roma,489.29,489.29,Rua Ribeiro Roma (489 m)
808,Graças,Tamarineira,Rua Ricardo Hardman,262.44,262.44,Rua Ricardo Hardman (262 m)
809,Madalena,Prado,Rua Ricardo Salazar,836.14,836.14,Rua Ricardo Salazar (836 m)
810,Cordeiro,Torrões,Rua Rio Grande Do Norte,268.92,268.92,Rua Rio Grande Do Norte (268 m)
811,Imbiribeira,Pina,Rua Rio Jordao,3878.71,3878.71,Rua Rio Jordao (3878 m)
812,Boa Viagem,Pina,Rua Rio Jordao,2635.32,2635.32,Rua Rio Jordao (2635 m)
813,Boa Viagem,Imbiribeira,Rua Rio Jordao,1643.8,1643.8,Rua Rio Jordao (1643 m)
814,Imbiribeira,Ipsep,Rua Rio Oceanico,806.35,806.35,Rua Rio Oceanico (806 m)
815,Dois Unidos,Linha do Tiro,Rua Rio Tinto,193.7,193.7,Rua Rio Tinto (193 m)
816,Água Fria,Bomba do Hemetério,Rua Riolandia,479.0,479.0,Rua Riolandia (479 m)
817,Brasília Teimosa,Pina,Rua Robalo,253.42,253.42,Rua Robalo (253 m)
818,Água Fria,Bomba do Hemetério,Rua Rui Frazao,370.63,370.63,Rua Rui Frazao (370 m)
819,Macaxeira,Nova Descoberta,Rua S D 3014,95.17,95.17,Rua S D 3014 (95 m)
820,Curado,Jardim São Paulo,Rua S D 5513,948.04,948.04,Rua S D 5513 (948 m)
821,Curado,Jardim São Paulo,Rua S D 5519,846.36,846.36,Rua S D 5519 (846 m)
822,Ponto de Parada,Rosarinho,Rua Salvador De Sa,563.52,563.52,Rua Salvador De Sa (563 m)
823,Encruzilhada,Rosarinho,Rua Salvador De Sa,382.84,382.84,Rua Salvador De Sa (382 m)
824,Encruzilhada,Ponto de Parada,Rua Salvador De Sa,315.99,315.99,Rua Salvador De Sa (315 m)
825,Aflitos,Encruzilhada,Rua Samuel Campelo,231.42,231.42,Rua Samuel Campelo (231 m)
826,Afogados,Prado,Rua Santa Edwirges,534.89,534.89,Rua Santa Edwirges (534 m)
827,Bongi,Prado,Rua Santa Edwirges,361.69,361.69,Rua Santa Edwirges (361 m)
828,Afogados,Bongi,Rua Santa Edwirges,319.42,319.42,Rua Santa Edwirges (319 m)
829,Casa Amarela,Monteiro,Rua Santa Izabel,1085.43,1085.43,Rua Santa Izabel (1085 m)
830,Brejo de Beberibe,Passarinho,Rua Santa Tereza,627.44,627.44,Rua Santa Tereza (627 m)
831,Brejo da Guabiraba,Passarinho,Rua Santa Tereza,538.25,538.25,Rua Santa Tereza (538 m)
832,Brejo da Guabiraba,Brejo de Beberibe,Rua Santa Tereza,161.11,161.11,Rua Santa Tereza (161 m)
833,Espinheiro,Graças,Rua Santo Elias,593.21,593.21,Rua Santo Elias (593 m)
834,Água Fria,Arruda,Rua Sao Bento,379.35,379.35,Rua Sao Bento (379 m)
835,Macaxeira,Nova Descoberta,Rua Sao Joao Eudes,165.42,165.42,Rua Sao Joao Eudes (165 m)
836,Água Fria,Fundão,Rua Sao Joaquim Do Monte,255.13,255.13,Rua Sao Joaquim Do Monte (255 m)
837,Imbiribeira,Pina,Rua Sao Jose,504.4,504.4,Rua Sao Jose (504 m)
838,Água Fria,Bomba do Hemetério,Rua Sao Jose Da Coroa Grande,93.24,93.24,Rua Sao Jose Da Coroa Grande (93 m)
839,Afogados,Jiquiá,Rua Sao Miguel,2211.61,2211.61,Rua Sao Miguel (2211 m)
840,Água Fria,Bomba do Hemetério,Rua Sao Rafael,191.61,191.61,Rua Sao Rafael (191 m)
841,Espinheiro,Graças,Rua Sao Salvador,241.99,241.99,Rua Sao Salvador (241 m)
842,Água Fria,Bomba do Hemetério,Rua Sao Sebastiao,2778.27,2778.27,Rua Sao Sebastiao (2778 m)
843,Água Fria,Fundão,Rua Sao Sebastiao,2751.65,2751.65,Rua Sao Sebastiao (2751 m)
844,Brejo de Beberibe,Passarinho,Rua Selma,141.01,141.01,Rua Selma (141 m)
845,Estância,Jardim São Paulo,Rua Senador Alberto Pasqualini,484.23,484.23,Rua Senador Alberto Pasqualini (484 m)
846,Ilha do Retiro,Madalena,Rua Senador Fabio De Barros,388.6,388.6,Rua Senador Fabio De Barros (388 m)
847,Alto José do Pinho,Mangabeira,Rua Severino Bernardino Pereira,507.41,507.41,Rua Severino Bernardino Pereira (507 m)
848,Jaqueira,Tamarineira,Rua Simao Mendes,221.7,221.7,Rua Simao Mendes (221 m)
849,Alto do Mandu,Monteiro,Rua Siriji,262.88,262.88,Rua Siriji (262 m)
850,Brejo de Beberibe,Passarinho,Rua So Nos Dois,342.11,342.11,Rua So Nos Dois (342 m)
851,Cordeiro,Torre,Rua Souza Bandeira,965.6,965.6,Rua Souza Bandeira (965 m)
852,Cordeiro,Zumbi,Rua Souza Bandeira,700.67,700.67,Rua Souza Bandeira (700 m)
853,Torre,Zumbi,Rua Souza Bandeira,277.3,277.3,Rua Souza Bandeira (277 m)
854,Água Fria,Bomba do Hemetério,Rua Tamboara,710.89,710.89,Rua Tamboara (710 m)
855,Mangueira,San Martin,Rua Tanguara,270.67,270.67,Rua Tanguara (270 m)
856,Encruzilhada,Graças,Rua Teles Junior,372.38,372.38,Rua Teles Junior (372 m)
857,Aflitos,Encruzilhada,Rua Teles Junior,285.06,285.06,Rua Teles Junior (285 m)
858,Encruzilhada,Rosarinho,Rua Teles Junior,232.62,232.62,Rua Teles Junior (232 m)
859,Aflitos,Graças,Rua Teles Junior,212.27,212.27,Rua Teles Junior (212 m)
860,Graças,Rosarinho,Rua Teles Junior,159.83,159.83,Rua Teles Junior (159 m)
861,Jiquiá,San Martin,Rua Tenente Mindelo,878.0,878.0,Rua Tenente Mindelo (878 m)
862,Brejo da Guabiraba,Brejo de Beberibe,Rua Teolandia,1075.11,1075.11,Rua Teolandia (1075 m)
863,Brejo de Beberibe,Nova Descoberta,Rua Teolandia,977.62,977.62,Rua Teolandia (977 m)
864,Brejo da Guabiraba,Nova Descoberta,Rua Teolandia,121.67,121.67,Rua Teolandia (121 m)
865,Santo Antônio,São José,Rua Tobias Barreto,427.17,427.17,Rua Tobias Barreto (427 m)
866,Cordeiro,Zumbi,Rua Tomaz Gonzaga,436.79,436.79,Rua Tomaz Gonzaga (436 m)
867,Boa Viagem,Pina,Rua Tome Gibson,765.97,765.97,Rua Tome Gibson (765 m)
868,Córrego do Jenipapo,Macaxeira,Rua Trajano De Morais,214.3,214.3,Rua Trajano De Morais (214 m)
869,Alto do Mandu,Monteiro,Rua Tramandai,66.33,66.33,Rua Tramandai (66 m)
870,Ponto de Parada,Rosarinho,Rua Treze De Junho,483.54,483.54,Rua Treze De Junho (483 m)
871,Estância,Jiquiá,Rua Tuparetama,268.97,268.97,Rua Tuparetama (268 m)
872,Brejo de Beberibe,Dois Unidos,Rua Tupiracaba,854.47,854.47,Rua Tupiracaba (854 m)
873,Água Fria,Bomba do Hemetério,Rua Turiuba,76.43,76.43,Rua Turiuba (76 m)
874,Coqueiral,Tejipió,Rua Tutoia,222.82,222.82,Rua Tutoia (222 m)
875,Afogados,Mustardinha,Rua Uberaba,238.72,238.72,Rua Uberaba (238 m)
876,Brejo de Beberibe,Nova Descoberta,Rua Urandi,108.15,108.15,Rua Urandi (108 m)
877,Beberibe,Linha do Tiro,Rua Uriel De Holanda,1790.2,1790.2,Rua Uriel De Holanda (1790 m)
878,Alto José Bonifácio,Linha do Tiro,Rua Uriel De Holanda,1417.75,1417.75,Rua Uriel De Holanda (1417 m)
879,Brejo de Beberibe,Linha do Tiro,Rua Uriel De Holanda,1416.69,1416.69,Rua Uriel De Holanda (1416 m)
880,Alto José Bonifácio,Brejo de Beberibe,Rua Uriel De Holanda,143.9,143.9,Rua Uriel De Holanda (143 m)
881,Curado,Totó,Rua Utinga,117.4,117.4,Rua Utinga (117 m)
882,Dois Unidos,Passarinho,Rua Vale Fundo,58.94,58.94,Rua Vale Fundo (58 m)
883,Nova Descoberta,Vasco da Gama,Rua Vasco Da Gama,2017.36,2017.36,Rua Vasco Da Gama (2017 m)
884,Água Fria,Bomba do Hemetério,Rua Venus,89.31,89.31,Rua Venus (89 m)
885,Afogados,Mangueira,Rua Vereador Francisco De Paula Santana,268.13,268.13,Rua Vereador Francisco De Paula Santana (268 m)
886,Ibura,Jordão,Rua Vinte E Dois De Agosto,715.21,715.21,Rua Vinte E Dois De Agosto (715 m)
887,Santo Antônio,São José,Rua Vinte E Quatro De Maio,272.58,272.58,Rua Vinte E Quatro De Maio (272 m)
888,Afogados,Mangueira,Rua Vinte E Um De Abril,1853.7,1853.7,Rua Vinte E Um De Abril (1853 m)
889,Mangueira,San Martin,Rua Vinte E Um De Abril,1671.35,1671.35,Rua Vinte E Um De Abril (1671 m)
890,San Martin,Torrões,Rua Vinte E Um De Abril,1551.05,1551.05,Rua Vinte E Um De Abril (1551 m)
891,Afogados,Mustardinha,Rua Vinte E Um De Abril,1272.6,1272.6,Rua Vinte E Um De Abril (1272 m)
892,Mustardinha,San Martin,Rua Vinte E Um De Abril,1090.25,1090.25,Rua Vinte E Um De Abril (1090 m)
893,Curado,San Martin,Rua Vinte E Um De Abril,1047.74,1047.74,Rua Vinte E Um De Abril (1047 m)
894,Mangueira,Mustardinha,Rua Vinte E Um De Abril,783.53,783.53,Rua Vinte E Um De Abril (783 m)
895,Curado,Torrões,Rua Vinte E Um De Abril,620.72,620.72,Rua Vinte E Um De Abril (620 m)
896,Água Fria,Fundão,Rua Violeta,184.71,184.71,Rua Violeta (184 m)
897,Madalena,Prado,Rua Virginio Campelo,310.35,310.35,Rua Virginio Campelo (310 m)
898,Boa Vista,Ilha do Leite,Rua Visconde De Goiana,450.56,450.56,Rua Visconde De Goiana (450 m)
899,Madalena,Zumbi,Rua Visconde Do Uruguai,594.87,594.87,Rua Visconde Do Uruguai (594 m)
900,Derby,Paissandu,Rua Viscondessa Do Livramento,340.09,340.09,Rua Viscondessa Do Livramento (340 m)
901,Água Fria,Arruda,Rua Zeferino Agra,1178.94,1178.94,Rua Zeferino Agra (1178 m)
902,Curado,Torrões,Viaduto Alca Do Complexo Ceasa,2876.51,2876.51,Viaduto Alca Do Complexo Ceasa (2876 m)
903,Curado,Torrões,Viaduto Alca Do Complexo Ceasa,2876.51,2876.51,Viaduto Alca Do Complexo Ceasa (2876 m)
